rf_id,village_id,village_name,year,month,month_name,actual_rainfall_mm,normal_rainfall_mm,deviation,spi_approx,source
RFVLG0001M01,VLG0001,Salegaon,2025,1,January,10.3,11.4,-0.096,-0.274,IMD_synthetic
RFVLG0001M02,VLG0001,Salegaon,2025,2,February,9.7,8.9,0.09,0.257,IMD_synthetic
RFVLG0001M03,VLG0001,Salegaon,2025,3,March,16.6,14.6,0.137,0.391,IMD_synthetic
RFVLG0001M04,VLG0001,Salegaon,2025,4,April,11.3,10.8,0.046,0.131,IMD_synthetic
RFVLG0001M05,VLG0001,Salegaon,2025,5,May,11.7,11.6,0.009,0.026,IMD_synthetic
RFVLG0001M06,VLG0001,Salegaon,2025,6,June,177.0,180.6,-0.02,-0.057,IMD_synthetic
RFVLG0001M07,VLG0001,Salegaon,2025,7,July,409.5,374.0,0.095,0.271,IMD_synthetic
RFVLG0001M08,VLG0001,Salegaon,2025,8,August,415.5,374.1,0.111,0.317,IMD_synthetic
RFVLG0001M09,VLG0001,Salegaon,2025,9,September,237.0,203.1,0.167,0.477,IMD_synthetic
RFVLG0001M10,VLG0001,Salegaon,2025,10,October,65.1,65.1,0.0,0.0,IMD_synthetic
RFVLG0001M11,VLG0001,Salegaon,2025,11,November,11.2,9.9,0.131,0.374,IMD_synthetic
RFVLG0001M12,VLG0001,Salegaon,2025,12,December,8.4,7.9,0.063,0.18,IMD_synthetic
RFVLG0002M01,VLG0002,Pulgaon,2025,1,January,13.3,11.4,0.167,0.477,IMD_synthetic
RFVLG0002M02,VLG0002,Pulgaon,2025,2,February,9.4,8.9,0.056,0.16,IMD_synthetic
RFVLG0002M03,VLG0002,Pulgaon,2025,3,March,15.4,14.6,0.055,0.157,IMD_synthetic
RFVLG0002M04,VLG0002,Pulgaon,2025,4,April,11.6,10.8,0.074,0.211,IMD_synthetic
RFVLG0002M05,VLG0002,Pulgaon,2025,5,May,13.1,11.6,0.129,0.369,IMD_synthetic
RFVLG0002M06,VLG0002,Pulgaon,2025,6,June,216.1,180.6,0.197,0.563,IMD_synthetic
RFVLG0002M07,VLG0002,Pulgaon,2025,7,July,342.5,374.0,-0.084,-0.24,IMD_synthetic
RFVLG0002M08,VLG0002,Pulgaon,2025,8,August,340.2,374.1,-0.091,-0.26,IMD_synthetic
RFVLG0002M09,VLG0002,Pulgaon,2025,9,September,241.2,203.1,0.188,0.537,IMD_synthetic
RFVLG0002M10,VLG0002,Pulgaon,2025,10,October,69.0,65.1,0.06,0.171,IMD_synthetic
RFVLG0002M11,VLG0002,Pulgaon,2025,11,November,10.8,9.9,0.091,0.26,IMD_synthetic
RFVLG0002M12,VLG0002,Pulgaon,2025,12,December,8.3,7.9,0.051,0.146,IMD_synthetic
RFVLG0003M01,VLG0003,Hingna,2025,1,January,8.5,11.4,-0.254,-0.726,IMD_synthetic
RFVLG0003M02,VLG0003,Hingna,2025,2,February,8.2,8.9,-0.079,-0.226,IMD_synthetic
RFVLG0003M03,VLG0003,Hingna,2025,3,March,13.3,14.6,-0.089,-0.254,IMD_synthetic
RFVLG0003M04,VLG0003,Hingna,2025,4,April,8.7,10.8,-0.194,-0.554,IMD_synthetic
RFVLG0003M05,VLG0003,Hingna,2025,5,May,9.3,11.6,-0.198,-0.566,IMD_synthetic
RFVLG0003M06,VLG0003,Hingna,2025,6,June,169.1,180.6,-0.064,-0.183,IMD_synthetic
RFVLG0003M07,VLG0003,Hingna,2025,7,July,277.1,374.0,-0.259,-0.74,IMD_synthetic
RFVLG0003M08,VLG0003,Hingna,2025,8,August,354.3,374.1,-0.053,-0.151,IMD_synthetic
RFVLG0003M09,VLG0003,Hingna,2025,9,September,160.0,203.1,-0.212,-0.606,IMD_synthetic
RFVLG0003M10,VLG0003,Hingna,2025,10,October,56.9,65.1,-0.126,-0.36,IMD_synthetic
RFVLG0003M11,VLG0003,Hingna,2025,11,November,9.5,9.9,-0.04,-0.114,IMD_synthetic
RFVLG0003M12,VLG0003,Hingna,2025,12,December,7.1,7.9,-0.101,-0.289,IMD_synthetic
RFVLG0004M01,VLG0004,Mandgaon,2025,1,January,9.4,11.4,-0.175,-0.5,IMD_synthetic
RFVLG0004M02,VLG0004,Mandgaon,2025,2,February,8.0,8.9,-0.101,-0.289,IMD_synthetic
RFVLG0004M03,VLG0004,Mandgaon,2025,3,March,11.8,14.6,-0.192,-0.549,IMD_synthetic
RFVLG0004M04,VLG0004,Mandgaon,2025,4,April,8.6,10.8,-0.204,-0.583,IMD_synthetic
RFVLG0004M05,VLG0004,Mandgaon,2025,5,May,11.3,11.6,-0.026,-0.074,IMD_synthetic
RFVLG0004M06,VLG0004,Mandgaon,2025,6,June,165.1,180.6,-0.086,-0.246,IMD_synthetic
RFVLG0004M07,VLG0004,Mandgaon,2025,7,July,331.7,374.0,-0.113,-0.323,IMD_synthetic
RFVLG0004M08,VLG0004,Mandgaon,2025,8,August,304.2,374.1,-0.187,-0.534,IMD_synthetic
RFVLG0004M09,VLG0004,Mandgaon,2025,9,September,149.3,203.1,-0.265,-0.757,IMD_synthetic
RFVLG0004M10,VLG0004,Mandgaon,2025,10,October,47.6,65.1,-0.269,-0.769,IMD_synthetic
RFVLG0004M11,VLG0004,Mandgaon,2025,11,November,8.6,9.9,-0.131,-0.374,IMD_synthetic
RFVLG0004M12,VLG0004,Mandgaon,2025,12,December,7.2,7.9,-0.089,-0.254,IMD_synthetic
RFVLG0005M01,VLG0005,Kothari,2025,1,January,5.2,11.4,-0.544,-1.554,IMD_synthetic
RFVLG0005M02,VLG0005,Kothari,2025,2,February,4.4,8.9,-0.506,-1.446,IMD_synthetic
RFVLG0005M03,VLG0005,Kothari,2025,3,March,5.7,14.6,-0.61,-1.743,IMD_synthetic
RFVLG0005M04,VLG0005,Kothari,2025,4,April,4.7,10.8,-0.565,-1.614,IMD_synthetic
RFVLG0005M05,VLG0005,Kothari,2025,5,May,4.8,11.6,-0.586,-1.674,IMD_synthetic
RFVLG0005M06,VLG0005,Kothari,2025,6,June,80.0,180.6,-0.557,-1.591,IMD_synthetic
RFVLG0005M07,VLG0005,Kothari,2025,7,July,146.7,374.0,-0.608,-1.737,IMD_synthetic
RFVLG0005M08,VLG0005,Kothari,2025,8,August,191.3,374.1,-0.489,-1.397,IMD_synthetic
RFVLG0005M09,VLG0005,Kothari,2025,9,September,83.8,203.1,-0.587,-1.677,IMD_synthetic
RFVLG0005M10,VLG0005,Kothari,2025,10,October,33.0,65.1,-0.493,-1.409,IMD_synthetic
RFVLG0005M11,VLG0005,Kothari,2025,11,November,4.4,9.9,-0.556,-1.589,IMD_synthetic
RFVLG0005M12,VLG0005,Kothari,2025,12,December,4.1,7.9,-0.481,-1.374,IMD_synthetic
RFVLG0006M01,VLG0006,Kosara,2025,1,January,9.8,11.4,-0.14,-0.4,IMD_synthetic
RFVLG0006M02,VLG0006,Kosara,2025,2,February,8.5,8.9,-0.045,-0.129,IMD_synthetic
RFVLG0006M03,VLG0006,Kosara,2025,3,March,10.6,14.6,-0.274,-0.783,IMD_synthetic
RFVLG0006M04,VLG0006,Kosara,2025,4,April,9.9,10.8,-0.083,-0.237,IMD_synthetic
RFVLG0006M05,VLG0006,Kosara,2025,5,May,11.1,11.6,-0.043,-0.123,IMD_synthetic
RFVLG0006M06,VLG0006,Kosara,2025,6,June,136.9,180.6,-0.242,-0.691,IMD_synthetic
RFVLG0006M07,VLG0006,Kosara,2025,7,July,279.4,374.0,-0.253,-0.723,IMD_synthetic
RFVLG0006M08,VLG0006,Kosara,2025,8,August,310.8,374.1,-0.169,-0.483,IMD_synthetic
RFVLG0006M09,VLG0006,Kosara,2025,9,September,195.1,203.1,-0.039,-0.111,IMD_synthetic
RFVLG0006M10,VLG0006,Kosara,2025,10,October,56.0,65.1,-0.14,-0.4,IMD_synthetic
RFVLG0006M11,VLG0006,Kosara,2025,11,November,8.5,9.9,-0.141,-0.403,IMD_synthetic
RFVLG0006M12,VLG0006,Kosara,2025,12,December,6.0,7.9,-0.241,-0.689,IMD_synthetic
RFVLG0007M01,VLG0007,Rajura,2025,1,January,10.2,11.4,-0.105,-0.3,IMD_synthetic
RFVLG0007M02,VLG0007,Rajura,2025,2,February,10.2,8.9,0.146,0.417,IMD_synthetic
RFVLG0007M03,VLG0007,Rajura,2025,3,March,13.4,14.6,-0.082,-0.234,IMD_synthetic
RFVLG0007M04,VLG0007,Rajura,2025,4,April,11.8,10.8,0.093,0.266,IMD_synthetic
RFVLG0007M05,VLG0007,Rajura,2025,5,May,13.7,11.6,0.181,0.517,IMD_synthetic
RFVLG0007M06,VLG0007,Rajura,2025,6,June,173.1,180.6,-0.042,-0.12,IMD_synthetic
RFVLG0007M07,VLG0007,Rajura,2025,7,July,412.2,374.0,0.102,0.291,IMD_synthetic
RFVLG0007M08,VLG0007,Rajura,2025,8,August,343.2,374.1,-0.083,-0.237,IMD_synthetic
RFVLG0007M09,VLG0007,Rajura,2025,9,September,219.9,203.1,0.083,0.237,IMD_synthetic
RFVLG0007M10,VLG0007,Rajura,2025,10,October,61.5,65.1,-0.055,-0.157,IMD_synthetic
RFVLG0007M11,VLG0007,Rajura,2025,11,November,11.1,9.9,0.121,0.346,IMD_synthetic
RFVLG0007M12,VLG0007,Rajura,2025,12,December,7.8,7.9,-0.013,-0.037,IMD_synthetic
RFVLG0008M01,VLG0008,Sukli,2025,1,January,5.1,11.4,-0.553,-1.58,IMD_synthetic
RFVLG0008M02,VLG0008,Sukli,2025,2,February,4.1,8.9,-0.539,-1.54,IMD_synthetic
RFVLG0008M03,VLG0008,Sukli,2025,3,March,5.9,14.6,-0.596,-1.703,IMD_synthetic
RFVLG0008M04,VLG0008,Sukli,2025,4,April,5.2,10.8,-0.519,-1.483,IMD_synthetic
RFVLG0008M05,VLG0008,Sukli,2025,5,May,4.9,11.6,-0.578,-1.651,IMD_synthetic
RFVLG0008M06,VLG0008,Sukli,2025,6,June,85.2,180.6,-0.528,-1.509,IMD_synthetic
RFVLG0008M07,VLG0008,Sukli,2025,7,July,151.0,374.0,-0.596,-1.703,IMD_synthetic
RFVLG0008M08,VLG0008,Sukli,2025,8,August,177.8,374.1,-0.525,-1.5,IMD_synthetic
RFVLG0008M09,VLG0008,Sukli,2025,9,September,81.2,203.1,-0.6,-1.714,IMD_synthetic
RFVLG0008M10,VLG0008,Sukli,2025,10,October,28.6,65.1,-0.561,-1.603,IMD_synthetic
RFVLG0008M11,VLG0008,Sukli,2025,11,November,4.1,9.9,-0.586,-1.674,IMD_synthetic
RFVLG0008M12,VLG0008,Sukli,2025,12,December,3.8,7.9,-0.519,-1.483,IMD_synthetic
RFVLG0009M01,VLG0009,Babhulgaon,2025,1,January,4.8,11.4,-0.579,-1.654,IMD_synthetic
RFVLG0009M02,VLG0009,Babhulgaon,2025,2,February,4.5,8.9,-0.494,-1.411,IMD_synthetic
RFVLG0009M03,VLG0009,Babhulgaon,2025,3,March,7.3,14.6,-0.5,-1.429,IMD_synthetic
RFVLG0009M04,VLG0009,Babhulgaon,2025,4,April,4.4,10.8,-0.593,-1.694,IMD_synthetic
RFVLG0009M05,VLG0009,Babhulgaon,2025,5,May,5.4,11.6,-0.534,-1.526,IMD_synthetic
RFVLG0009M06,VLG0009,Babhulgaon,2025,6,June,71.2,180.6,-0.606,-1.731,IMD_synthetic
RFVLG0009M07,VLG0009,Babhulgaon,2025,7,July,162.8,374.0,-0.565,-1.614,IMD_synthetic
RFVLG0009M08,VLG0009,Babhulgaon,2025,8,August,179.1,374.1,-0.521,-1.489,IMD_synthetic
RFVLG0009M09,VLG0009,Babhulgaon,2025,9,September,95.8,203.1,-0.528,-1.509,IMD_synthetic
RFVLG0009M10,VLG0009,Babhulgaon,2025,10,October,30.4,65.1,-0.533,-1.523,IMD_synthetic
RFVLG0009M11,VLG0009,Babhulgaon,2025,11,November,4.2,9.9,-0.576,-1.646,IMD_synthetic
RFVLG0009M12,VLG0009,Babhulgaon,2025,12,December,3.4,7.9,-0.57,-1.629,IMD_synthetic
RFVLG0010M01,VLG0010,Umari,2025,1,January,6.5,11.4,-0.43,-1.229,IMD_synthetic
RFVLG0010M02,VLG0010,Umari,2025,2,February,6.2,8.9,-0.303,-0.866,IMD_synthetic
RFVLG0010M03,VLG0010,Umari,2025,3,March,9.5,14.6,-0.349,-0.997,IMD_synthetic
RFVLG0010M04,VLG0010,Umari,2025,4,April,7.5,10.8,-0.306,-0.874,IMD_synthetic
RFVLG0010M05,VLG0010,Umari,2025,5,May,7.0,11.6,-0.397,-1.134,IMD_synthetic
RFVLG0010M06,VLG0010,Umari,2025,6,June,111.2,180.6,-0.384,-1.097,IMD_synthetic
RFVLG0010M07,VLG0010,Umari,2025,7,July,231.0,374.0,-0.382,-1.091,IMD_synthetic
RFVLG0010M08,VLG0010,Umari,2025,8,August,208.6,374.1,-0.442,-1.263,IMD_synthetic
RFVLG0010M09,VLG0010,Umari,2025,9,September,125.7,203.1,-0.381,-1.089,IMD_synthetic
RFVLG0010M10,VLG0010,Umari,2025,10,October,46.2,65.1,-0.29,-0.829,IMD_synthetic
RFVLG0010M11,VLG0010,Umari,2025,11,November,7.2,9.9,-0.273,-0.78,IMD_synthetic
RFVLG0010M12,VLG0010,Umari,2025,12,December,5.2,7.9,-0.342,-0.977,IMD_synthetic
RFVLG0011M01,VLG0011,Pangri,2025,1,January,11.8,11.4,0.035,0.1,IMD_synthetic
RFVLG0011M02,VLG0011,Pangri,2025,2,February,8.0,8.9,-0.101,-0.289,IMD_synthetic
RFVLG0011M03,VLG0011,Pangri,2025,3,March,17.1,14.6,0.171,0.489,IMD_synthetic
RFVLG0011M04,VLG0011,Pangri,2025,4,April,9.7,10.8,-0.102,-0.291,IMD_synthetic
RFVLG0011M05,VLG0011,Pangri,2025,5,May,13.8,11.6,0.19,0.543,IMD_synthetic
RFVLG0011M06,VLG0011,Pangri,2025,6,June,189.0,180.6,0.047,0.134,IMD_synthetic
RFVLG0011M07,VLG0011,Pangri,2025,7,July,374.1,374.0,0.0,0.0,IMD_synthetic
RFVLG0011M08,VLG0011,Pangri,2025,8,August,442.8,374.1,0.184,0.526,IMD_synthetic
RFVLG0011M09,VLG0011,Pangri,2025,9,September,182.8,203.1,-0.1,-0.286,IMD_synthetic
RFVLG0011M10,VLG0011,Pangri,2025,10,October,70.0,65.1,0.075,0.214,IMD_synthetic
RFVLG0011M11,VLG0011,Pangri,2025,11,November,10.5,9.9,0.061,0.174,IMD_synthetic
RFVLG0011M12,VLG0011,Pangri,2025,12,December,7.6,7.9,-0.038,-0.109,IMD_synthetic
RFVLG0012M01,VLG0012,Manora,2025,1,January,11.7,11.4,0.026,0.074,IMD_synthetic
RFVLG0012M02,VLG0012,Manora,2025,2,February,9.8,8.9,0.101,0.289,IMD_synthetic
RFVLG0012M03,VLG0012,Manora,2025,3,March,16.4,14.6,0.123,0.351,IMD_synthetic
RFVLG0012M04,VLG0012,Manora,2025,4,April,9.6,10.8,-0.111,-0.317,IMD_synthetic
RFVLG0012M05,VLG0012,Manora,2025,5,May,13.8,11.6,0.19,0.543,IMD_synthetic
RFVLG0012M06,VLG0012,Manora,2025,6,June,170.5,180.6,-0.056,-0.16,IMD_synthetic
RFVLG0012M07,VLG0012,Manora,2025,7,July,361.3,374.0,-0.034,-0.097,IMD_synthetic
RFVLG0012M08,VLG0012,Manora,2025,8,August,364.9,374.1,-0.025,-0.071,IMD_synthetic
RFVLG0012M09,VLG0012,Manora,2025,9,September,183.7,203.1,-0.096,-0.274,IMD_synthetic
RFVLG0012M10,VLG0012,Manora,2025,10,October,60.6,65.1,-0.069,-0.197,IMD_synthetic
RFVLG0012M11,VLG0012,Manora,2025,11,November,11.9,9.9,0.202,0.577,IMD_synthetic
RFVLG0012M12,VLG0012,Manora,2025,12,December,7.8,7.9,-0.013,-0.037,IMD_synthetic
RFVLG0013M01,VLG0013,Kelia,2025,1,January,8.6,11.4,-0.246,-0.703,IMD_synthetic
RFVLG0013M02,VLG0013,Kelia,2025,2,February,6.7,8.9,-0.247,-0.706,IMD_synthetic
RFVLG0013M03,VLG0013,Kelia,2025,3,March,13.2,14.6,-0.096,-0.274,IMD_synthetic
RFVLG0013M04,VLG0013,Kelia,2025,4,April,10.2,10.8,-0.056,-0.16,IMD_synthetic
RFVLG0013M05,VLG0013,Kelia,2025,5,May,9.1,11.6,-0.216,-0.617,IMD_synthetic
RFVLG0013M06,VLG0013,Kelia,2025,6,June,131.4,180.6,-0.272,-0.777,IMD_synthetic
RFVLG0013M07,VLG0013,Kelia,2025,7,July,291.5,374.0,-0.221,-0.631,IMD_synthetic
RFVLG0013M08,VLG0013,Kelia,2025,8,August,275.7,374.1,-0.263,-0.751,IMD_synthetic
RFVLG0013M09,VLG0013,Kelia,2025,9,September,152.1,203.1,-0.251,-0.717,IMD_synthetic
RFVLG0013M10,VLG0013,Kelia,2025,10,October,54.2,65.1,-0.167,-0.477,IMD_synthetic
RFVLG0013M11,VLG0013,Kelia,2025,11,November,7.7,9.9,-0.222,-0.634,IMD_synthetic
RFVLG0013M12,VLG0013,Kelia,2025,12,December,6.7,7.9,-0.152,-0.434,IMD_synthetic
RFVLG0014M01,VLG0014,Khodad,2025,1,January,6.9,11.4,-0.395,-1.129,IMD_synthetic
RFVLG0014M02,VLG0014,Khodad,2025,2,February,6.5,8.9,-0.27,-0.771,IMD_synthetic
RFVLG0014M03,VLG0014,Khodad,2025,3,March,10.6,14.6,-0.274,-0.783,IMD_synthetic
RFVLG0014M04,VLG0014,Khodad,2025,4,April,7.2,10.8,-0.333,-0.951,IMD_synthetic
RFVLG0014M05,VLG0014,Khodad,2025,5,May,7.2,11.6,-0.379,-1.083,IMD_synthetic
RFVLG0014M06,VLG0014,Khodad,2025,6,June,113.2,180.6,-0.373,-1.066,IMD_synthetic
RFVLG0014M07,VLG0014,Khodad,2025,7,July,236.7,374.0,-0.367,-1.049,IMD_synthetic
RFVLG0014M08,VLG0014,Khodad,2025,8,August,259.8,374.1,-0.306,-0.874,IMD_synthetic
RFVLG0014M09,VLG0014,Khodad,2025,9,September,130.1,203.1,-0.359,-1.026,IMD_synthetic
RFVLG0014M10,VLG0014,Khodad,2025,10,October,46.8,65.1,-0.281,-0.803,IMD_synthetic
RFVLG0014M11,VLG0014,Khodad,2025,11,November,7.3,9.9,-0.263,-0.751,IMD_synthetic
RFVLG0014M12,VLG0014,Khodad,2025,12,December,4.9,7.9,-0.38,-1.086,IMD_synthetic
RFVLG0015M01,VLG0015,Tirora,2025,1,January,9.9,11.4,-0.132,-0.377,IMD_synthetic
RFVLG0015M02,VLG0015,Tirora,2025,2,February,6.6,8.9,-0.258,-0.737,IMD_synthetic
RFVLG0015M03,VLG0015,Tirora,2025,3,March,11.3,14.6,-0.226,-0.646,IMD_synthetic
RFVLG0015M04,VLG0015,Tirora,2025,4,April,8.9,10.8,-0.176,-0.503,IMD_synthetic
RFVLG0015M05,VLG0015,Tirora,2025,5,May,9.0,11.6,-0.224,-0.64,IMD_synthetic
RFVLG0015M06,VLG0015,Tirora,2025,6,June,170.9,180.6,-0.054,-0.154,IMD_synthetic
RFVLG0015M07,VLG0015,Tirora,2025,7,July,285.3,374.0,-0.237,-0.677,IMD_synthetic
RFVLG0015M08,VLG0015,Tirora,2025,8,August,313.8,374.1,-0.161,-0.46,IMD_synthetic
RFVLG0015M09,VLG0015,Tirora,2025,9,September,178.1,203.1,-0.123,-0.351,IMD_synthetic
RFVLG0015M10,VLG0015,Tirora,2025,10,October,58.5,65.1,-0.101,-0.289,IMD_synthetic
RFVLG0015M11,VLG0015,Tirora,2025,11,November,8.1,9.9,-0.182,-0.52,IMD_synthetic
RFVLG0015M12,VLG0015,Tirora,2025,12,December,7.5,7.9,-0.051,-0.146,IMD_synthetic
RFVLG0016M01,VLG0016,Khadki,2025,1,January,7.6,11.4,-0.333,-0.951,IMD_synthetic
RFVLG0016M02,VLG0016,Khadki,2025,2,February,5.7,8.9,-0.36,-1.029,IMD_synthetic
RFVLG0016M03,VLG0016,Khadki,2025,3,March,8.3,14.6,-0.432,-1.234,IMD_synthetic
RFVLG0016M04,VLG0016,Khadki,2025,4,April,6.9,10.8,-0.361,-1.031,IMD_synthetic
RFVLG0016M05,VLG0016,Khadki,2025,5,May,8.3,11.6,-0.284,-0.811,IMD_synthetic
RFVLG0016M06,VLG0016,Khadki,2025,6,June,121.4,180.6,-0.328,-0.937,IMD_synthetic
RFVLG0016M07,VLG0016,Khadki,2025,7,July,267.3,374.0,-0.285,-0.814,IMD_synthetic
RFVLG0016M08,VLG0016,Khadki,2025,8,August,242.7,374.1,-0.351,-1.003,IMD_synthetic
RFVLG0016M09,VLG0016,Khadki,2025,9,September,116.9,203.1,-0.424,-1.211,IMD_synthetic
RFVLG0016M10,VLG0016,Khadki,2025,10,October,36.1,65.1,-0.445,-1.271,IMD_synthetic
RFVLG0016M11,VLG0016,Khadki,2025,11,November,6.1,9.9,-0.384,-1.097,IMD_synthetic
RFVLG0016M12,VLG0016,Khadki,2025,12,December,5.4,7.9,-0.316,-0.903,IMD_synthetic
RFVLG0017M01,VLG0017,Pombhurna,2025,1,January,8.1,11.4,-0.289,-0.826,IMD_synthetic
RFVLG0017M02,VLG0017,Pombhurna,2025,2,February,5.4,8.9,-0.393,-1.123,IMD_synthetic
RFVLG0017M03,VLG0017,Pombhurna,2025,3,March,9.5,14.6,-0.349,-0.997,IMD_synthetic
RFVLG0017M04,VLG0017,Pombhurna,2025,4,April,6.9,10.8,-0.361,-1.031,IMD_synthetic
RFVLG0017M05,VLG0017,Pombhurna,2025,5,May,7.3,11.6,-0.371,-1.06,IMD_synthetic
RFVLG0017M06,VLG0017,Pombhurna,2025,6,June,107.9,180.6,-0.403,-1.151,IMD_synthetic
RFVLG0017M07,VLG0017,Pombhurna,2025,7,July,216.6,374.0,-0.421,-1.203,IMD_synthetic
RFVLG0017M08,VLG0017,Pombhurna,2025,8,August,221.0,374.1,-0.409,-1.169,IMD_synthetic
RFVLG0017M09,VLG0017,Pombhurna,2025,9,September,114.4,203.1,-0.437,-1.249,IMD_synthetic
RFVLG0017M10,VLG0017,Pombhurna,2025,10,October,38.5,65.1,-0.409,-1.169,IMD_synthetic
RFVLG0017M11,VLG0017,Pombhurna,2025,11,November,5.5,9.9,-0.444,-1.269,IMD_synthetic
RFVLG0017M12,VLG0017,Pombhurna,2025,12,December,5.3,7.9,-0.329,-0.94,IMD_synthetic
RFVLG0018M01,VLG0018,Dhanora,2025,1,January,11.3,11.4,-0.009,-0.026,IMD_synthetic
RFVLG0018M02,VLG0018,Dhanora,2025,2,February,10.7,8.9,0.202,0.577,IMD_synthetic
RFVLG0018M03,VLG0018,Dhanora,2025,3,March,13.9,14.6,-0.048,-0.137,IMD_synthetic
RFVLG0018M04,VLG0018,Dhanora,2025,4,April,10.8,10.8,0.0,0.0,IMD_synthetic
RFVLG0018M05,VLG0018,Dhanora,2025,5,May,11.7,11.6,0.009,0.026,IMD_synthetic
RFVLG0018M06,VLG0018,Dhanora,2025,6,June,161.7,180.6,-0.105,-0.3,IMD_synthetic
RFVLG0018M07,VLG0018,Dhanora,2025,7,July,432.7,374.0,0.157,0.449,IMD_synthetic
RFVLG0018M08,VLG0018,Dhanora,2025,8,August,337.7,374.1,-0.097,-0.277,IMD_synthetic
RFVLG0018M09,VLG0018,Dhanora,2025,9,September,241.4,203.1,0.189,0.54,IMD_synthetic
RFVLG0018M10,VLG0018,Dhanora,2025,10,October,76.4,65.1,0.174,0.497,IMD_synthetic
RFVLG0018M11,VLG0018,Dhanora,2025,11,November,10.5,9.9,0.061,0.174,IMD_synthetic
RFVLG0018M12,VLG0018,Dhanora,2025,12,December,8.4,7.9,0.063,0.18,IMD_synthetic
RFVLG0019M01,VLG0019,Kuhi,2025,1,January,12.5,11.4,0.096,0.274,IMD_synthetic
RFVLG0019M02,VLG0019,Kuhi,2025,2,February,9.0,8.9,0.011,0.031,IMD_synthetic
RFVLG0019M03,VLG0019,Kuhi,2025,3,March,16.0,14.6,0.096,0.274,IMD_synthetic
RFVLG0019M04,VLG0019,Kuhi,2025,4,April,9.8,10.8,-0.093,-0.266,IMD_synthetic
RFVLG0019M05,VLG0019,Kuhi,2025,5,May,10.6,11.6,-0.086,-0.246,IMD_synthetic
RFVLG0019M06,VLG0019,Kuhi,2025,6,June,187.2,180.6,0.037,0.106,IMD_synthetic
RFVLG0019M07,VLG0019,Kuhi,2025,7,July,398.5,374.0,0.066,0.189,IMD_synthetic
RFVLG0019M08,VLG0019,Kuhi,2025,8,August,438.5,374.1,0.172,0.491,IMD_synthetic
RFVLG0019M09,VLG0019,Kuhi,2025,9,September,188.0,203.1,-0.074,-0.211,IMD_synthetic
RFVLG0019M10,VLG0019,Kuhi,2025,10,October,75.0,65.1,0.152,0.434,IMD_synthetic
RFVLG0019M11,VLG0019,Kuhi,2025,11,November,9.5,9.9,-0.04,-0.114,IMD_synthetic
RFVLG0019M12,VLG0019,Kuhi,2025,12,December,8.0,7.9,0.013,0.037,IMD_synthetic
RFVLG0020M01,VLG0020,Bori,2025,1,January,9.2,11.4,-0.193,-0.551,IMD_synthetic
RFVLG0020M02,VLG0020,Bori,2025,2,February,7.3,8.9,-0.18,-0.514,IMD_synthetic
RFVLG0020M03,VLG0020,Bori,2025,3,March,11.1,14.6,-0.24,-0.686,IMD_synthetic
RFVLG0020M04,VLG0020,Bori,2025,4,April,9.2,10.8,-0.148,-0.423,IMD_synthetic
RFVLG0020M05,VLG0020,Bori,2025,5,May,10.8,11.6,-0.069,-0.197,IMD_synthetic
RFVLG0020M06,VLG0020,Bori,2025,6,June,150.8,180.6,-0.165,-0.471,IMD_synthetic
RFVLG0020M07,VLG0020,Bori,2025,7,July,317.0,374.0,-0.152,-0.434,IMD_synthetic
RFVLG0020M08,VLG0020,Bori,2025,8,August,351.3,374.1,-0.061,-0.174,IMD_synthetic
RFVLG0020M09,VLG0020,Bori,2025,9,September,183.3,203.1,-0.097,-0.277,IMD_synthetic
RFVLG0020M10,VLG0020,Bori,2025,10,October,55.2,65.1,-0.152,-0.434,IMD_synthetic
RFVLG0020M11,VLG0020,Bori,2025,11,November,7.8,9.9,-0.212,-0.606,IMD_synthetic
RFVLG0020M12,VLG0020,Bori,2025,12,December,7.5,7.9,-0.051,-0.146,IMD_synthetic
RFVLG0021M01,VLG0021,Asola,2025,1,January,5.2,11.4,-0.544,-1.554,IMD_synthetic
RFVLG0021M02,VLG0021,Asola,2025,2,February,3.7,8.9,-0.584,-1.669,IMD_synthetic
RFVLG0021M03,VLG0021,Asola,2025,3,March,6.1,14.6,-0.582,-1.663,IMD_synthetic
RFVLG0021M04,VLG0021,Asola,2025,4,April,5.3,10.8,-0.509,-1.454,IMD_synthetic
RFVLG0021M05,VLG0021,Asola,2025,5,May,4.5,11.6,-0.612,-1.749,IMD_synthetic
RFVLG0021M06,VLG0021,Asola,2025,6,June,93.3,180.6,-0.483,-1.38,IMD_synthetic
RFVLG0021M07,VLG0021,Asola,2025,7,July,149.6,374.0,-0.6,-1.714,IMD_synthetic
RFVLG0021M08,VLG0021,Asola,2025,8,August,183.3,374.1,-0.51,-1.457,IMD_synthetic
RFVLG0021M09,VLG0021,Asola,2025,9,September,88.5,203.1,-0.564,-1.611,IMD_synthetic
RFVLG0021M10,VLG0021,Asola,2025,10,October,29.2,65.1,-0.551,-1.574,IMD_synthetic
RFVLG0021M11,VLG0021,Asola,2025,11,November,5.0,9.9,-0.495,-1.414,IMD_synthetic
RFVLG0021M12,VLG0021,Asola,2025,12,December,3.5,7.9,-0.557,-1.591,IMD_synthetic
RFVLG0022M01,VLG0022,Mohadi,2025,1,January,9.8,11.4,-0.14,-0.4,IMD_synthetic
RFVLG0022M02,VLG0022,Mohadi,2025,2,February,6.5,8.9,-0.27,-0.771,IMD_synthetic
RFVLG0022M03,VLG0022,Mohadi,2025,3,March,10.6,14.6,-0.274,-0.783,IMD_synthetic
RFVLG0022M04,VLG0022,Mohadi,2025,4,April,8.5,10.8,-0.213,-0.609,IMD_synthetic
RFVLG0022M05,VLG0022,Mohadi,2025,5,May,10.4,11.6,-0.103,-0.294,IMD_synthetic
RFVLG0022M06,VLG0022,Mohadi,2025,6,June,136.1,180.6,-0.246,-0.703,IMD_synthetic
RFVLG0022M07,VLG0022,Mohadi,2025,7,July,281.1,374.0,-0.248,-0.709,IMD_synthetic
RFVLG0022M08,VLG0022,Mohadi,2025,8,August,309.5,374.1,-0.173,-0.494,IMD_synthetic
RFVLG0022M09,VLG0022,Mohadi,2025,9,September,180.3,203.1,-0.112,-0.32,IMD_synthetic
RFVLG0022M10,VLG0022,Mohadi,2025,10,October,58.9,65.1,-0.095,-0.271,IMD_synthetic
RFVLG0022M11,VLG0022,Mohadi,2025,11,November,7.6,9.9,-0.232,-0.663,IMD_synthetic
RFVLG0022M12,VLG0022,Mohadi,2025,12,December,5.9,7.9,-0.253,-0.723,IMD_synthetic
RFVLG0023M01,VLG0023,Borala,2025,1,January,13.6,11.4,0.193,0.551,IMD_synthetic
RFVLG0023M02,VLG0023,Borala,2025,2,February,8.7,8.9,-0.022,-0.063,IMD_synthetic
RFVLG0023M03,VLG0023,Borala,2025,3,March,17.0,14.6,0.164,0.469,IMD_synthetic
RFVLG0023M04,VLG0023,Borala,2025,4,April,12.6,10.8,0.167,0.477,IMD_synthetic
RFVLG0023M05,VLG0023,Borala,2025,5,May,13.2,11.6,0.138,0.394,IMD_synthetic
RFVLG0023M06,VLG0023,Borala,2025,6,June,170.8,180.6,-0.054,-0.154,IMD_synthetic
RFVLG0023M07,VLG0023,Borala,2025,7,July,430.6,374.0,0.151,0.431,IMD_synthetic
RFVLG0023M08,VLG0023,Borala,2025,8,August,424.5,374.1,0.135,0.386,IMD_synthetic
RFVLG0023M09,VLG0023,Borala,2025,9,September,219.4,203.1,0.08,0.229,IMD_synthetic
RFVLG0023M10,VLG0023,Borala,2025,10,October,65.0,65.1,-0.002,-0.006,IMD_synthetic
RFVLG0023M11,VLG0023,Borala,2025,11,November,9.7,9.9,-0.02,-0.057,IMD_synthetic
RFVLG0023M12,VLG0023,Borala,2025,12,December,7.4,7.9,-0.063,-0.18,IMD_synthetic
RFVLG0024M01,VLG0024,Nagrala,2025,1,January,9.7,11.4,-0.149,-0.426,IMD_synthetic
RFVLG0024M02,VLG0024,Nagrala,2025,2,February,7.8,8.9,-0.124,-0.354,IMD_synthetic
RFVLG0024M03,VLG0024,Nagrala,2025,3,March,11.9,14.6,-0.185,-0.529,IMD_synthetic
RFVLG0024M04,VLG0024,Nagrala,2025,4,April,9.1,10.8,-0.157,-0.449,IMD_synthetic
RFVLG0024M05,VLG0024,Nagrala,2025,5,May,9.5,11.6,-0.181,-0.517,IMD_synthetic
RFVLG0024M06,VLG0024,Nagrala,2025,6,June,160.0,180.6,-0.114,-0.326,IMD_synthetic
RFVLG0024M07,VLG0024,Nagrala,2025,7,July,356.2,374.0,-0.048,-0.137,IMD_synthetic
RFVLG0024M08,VLG0024,Nagrala,2025,8,August,285.9,374.1,-0.236,-0.674,IMD_synthetic
RFVLG0024M09,VLG0024,Nagrala,2025,9,September,166.5,203.1,-0.18,-0.514,IMD_synthetic
RFVLG0024M10,VLG0024,Nagrala,2025,10,October,49.4,65.1,-0.241,-0.689,IMD_synthetic
RFVLG0024M11,VLG0024,Nagrala,2025,11,November,8.7,9.9,-0.121,-0.346,IMD_synthetic
RFVLG0024M12,VLG0024,Nagrala,2025,12,December,7.2,7.9,-0.089,-0.254,IMD_synthetic
RFVLG0025M01,VLG0025,Amgaon,2025,1,January,13.5,11.4,0.184,0.526,IMD_synthetic
RFVLG0025M02,VLG0025,Amgaon,2025,2,February,8.7,8.9,-0.022,-0.063,IMD_synthetic
RFVLG0025M03,VLG0025,Amgaon,2025,3,March,17.4,14.6,0.192,0.549,IMD_synthetic
RFVLG0025M04,VLG0025,Amgaon,2025,4,April,9.9,10.8,-0.083,-0.237,IMD_synthetic
RFVLG0025M05,VLG0025,Amgaon,2025,5,May,12.6,11.6,0.086,0.246,IMD_synthetic
RFVLG0025M06,VLG0025,Amgaon,2025,6,June,164.4,180.6,-0.09,-0.257,IMD_synthetic
RFVLG0025M07,VLG0025,Amgaon,2025,7,July,439.1,374.0,0.174,0.497,IMD_synthetic
RFVLG0025M08,VLG0025,Amgaon,2025,8,August,396.3,374.1,0.059,0.169,IMD_synthetic
RFVLG0025M09,VLG0025,Amgaon,2025,9,September,224.1,203.1,0.103,0.294,IMD_synthetic
RFVLG0025M10,VLG0025,Amgaon,2025,10,October,75.2,65.1,0.155,0.443,IMD_synthetic
RFVLG0025M11,VLG0025,Amgaon,2025,11,November,9.3,9.9,-0.061,-0.174,IMD_synthetic
RFVLG0025M12,VLG0025,Amgaon,2025,12,December,7.1,7.9,-0.101,-0.289,IMD_synthetic
RFVLG0026M01,VLG0026,Marda,2025,1,January,8.3,11.4,-0.272,-0.777,IMD_synthetic
RFVLG0026M02,VLG0026,Marda,2025,2,February,5.5,8.9,-0.382,-1.091,IMD_synthetic
RFVLG0026M03,VLG0026,Marda,2025,3,March,8.4,14.6,-0.425,-1.214,IMD_synthetic
RFVLG0026M04,VLG0026,Marda,2025,4,April,7.0,10.8,-0.352,-1.006,IMD_synthetic
RFVLG0026M05,VLG0026,Marda,2025,5,May,7.8,11.6,-0.328,-0.937,IMD_synthetic
RFVLG0026M06,VLG0026,Marda,2025,6,June,100.9,180.6,-0.441,-1.26,IMD_synthetic
RFVLG0026M07,VLG0026,Marda,2025,7,July,226.7,374.0,-0.394,-1.126,IMD_synthetic
RFVLG0026M08,VLG0026,Marda,2025,8,August,209.1,374.1,-0.441,-1.26,IMD_synthetic
RFVLG0026M09,VLG0026,Marda,2025,9,September,128.9,203.1,-0.365,-1.043,IMD_synthetic
RFVLG0026M10,VLG0026,Marda,2025,10,October,47.3,65.1,-0.273,-0.78,IMD_synthetic
RFVLG0026M11,VLG0026,Marda,2025,11,November,7.4,9.9,-0.253,-0.723,IMD_synthetic
RFVLG0026M12,VLG0026,Marda,2025,12,December,5.3,7.9,-0.329,-0.94,IMD_synthetic
RFVLG0027M01,VLG0027,Khursapar,2025,1,January,10.8,11.4,-0.053,-0.151,IMD_synthetic
RFVLG0027M02,VLG0027,Khursapar,2025,2,February,10.5,8.9,0.18,0.514,IMD_synthetic
RFVLG0027M03,VLG0027,Khursapar,2025,3,March,15.4,14.6,0.055,0.157,IMD_synthetic
RFVLG0027M04,VLG0027,Khursapar,2025,4,April,10.2,10.8,-0.056,-0.16,IMD_synthetic
RFVLG0027M05,VLG0027,Khursapar,2025,5,May,13.7,11.6,0.181,0.517,IMD_synthetic
RFVLG0027M06,VLG0027,Khursapar,2025,6,June,204.3,180.6,0.131,0.374,IMD_synthetic
RFVLG0027M07,VLG0027,Khursapar,2025,7,July,420.0,374.0,0.123,0.351,IMD_synthetic
RFVLG0027M08,VLG0027,Khursapar,2025,8,August,417.5,374.1,0.116,0.331,IMD_synthetic
RFVLG0027M09,VLG0027,Khursapar,2025,9,September,194.1,203.1,-0.044,-0.126,IMD_synthetic
RFVLG0027M10,VLG0027,Khursapar,2025,10,October,62.4,65.1,-0.041,-0.117,IMD_synthetic
RFVLG0027M11,VLG0027,Khursapar,2025,11,November,11.0,9.9,0.111,0.317,IMD_synthetic
RFVLG0027M12,VLG0027,Khursapar,2025,12,December,7.6,7.9,-0.038,-0.109,IMD_synthetic
RFVLG0028M01,VLG0028,Wadgaon,2025,1,January,7.3,11.4,-0.36,-1.029,IMD_synthetic
RFVLG0028M02,VLG0028,Wadgaon,2025,2,February,6.3,8.9,-0.292,-0.834,IMD_synthetic
RFVLG0028M03,VLG0028,Wadgaon,2025,3,March,10.3,14.6,-0.295,-0.843,IMD_synthetic
RFVLG0028M04,VLG0028,Wadgaon,2025,4,April,6.9,10.8,-0.361,-1.031,IMD_synthetic
RFVLG0028M05,VLG0028,Wadgaon,2025,5,May,8.2,11.6,-0.293,-0.837,IMD_synthetic
RFVLG0028M06,VLG0028,Wadgaon,2025,6,June,129.3,180.6,-0.284,-0.811,IMD_synthetic
RFVLG0028M07,VLG0028,Wadgaon,2025,7,July,254.4,374.0,-0.32,-0.914,IMD_synthetic
RFVLG0028M08,VLG0028,Wadgaon,2025,8,August,223.4,374.1,-0.403,-1.151,IMD_synthetic
RFVLG0028M09,VLG0028,Wadgaon,2025,9,September,123.1,203.1,-0.394,-1.126,IMD_synthetic
RFVLG0028M10,VLG0028,Wadgaon,2025,10,October,40.0,65.1,-0.386,-1.103,IMD_synthetic
RFVLG0028M11,VLG0028,Wadgaon,2025,11,November,5.7,9.9,-0.424,-1.211,IMD_synthetic
RFVLG0028M12,VLG0028,Wadgaon,2025,12,December,4.8,7.9,-0.392,-1.12,IMD_synthetic
RFVLG0029M01,VLG0029,Saori,2025,1,January,4.7,11.4,-0.588,-1.68,IMD_synthetic
RFVLG0029M02,VLG0029,Saori,2025,2,February,4.0,8.9,-0.551,-1.574,IMD_synthetic
RFVLG0029M03,VLG0029,Saori,2025,3,March,7.4,14.6,-0.493,-1.409,IMD_synthetic
RFVLG0029M04,VLG0029,Saori,2025,4,April,4.3,10.8,-0.602,-1.72,IMD_synthetic
RFVLG0029M05,VLG0029,Saori,2025,5,May,5.6,11.6,-0.517,-1.477,IMD_synthetic
RFVLG0029M06,VLG0029,Saori,2025,6,June,85.8,180.6,-0.525,-1.5,IMD_synthetic
RFVLG0029M07,VLG0029,Saori,2025,7,July,147.9,374.0,-0.605,-1.729,IMD_synthetic
RFVLG0029M08,VLG0029,Saori,2025,8,August,189.7,374.1,-0.493,-1.409,IMD_synthetic
RFVLG0029M09,VLG0029,Saori,2025,9,September,93.3,203.1,-0.541,-1.546,IMD_synthetic
RFVLG0029M10,VLG0029,Saori,2025,10,October,28.1,65.1,-0.568,-1.623,IMD_synthetic
RFVLG0029M11,VLG0029,Saori,2025,11,November,4.8,9.9,-0.515,-1.471,IMD_synthetic
RFVLG0029M12,VLG0029,Saori,2025,12,December,3.3,7.9,-0.582,-1.663,IMD_synthetic
RFVLG0030M01,VLG0030,Pipri,2025,1,January,5.4,11.4,-0.526,-1.503,IMD_synthetic
RFVLG0030M02,VLG0030,Pipri,2025,2,February,3.5,8.9,-0.607,-1.734,IMD_synthetic
RFVLG0030M03,VLG0030,Pipri,2025,3,March,7.2,14.6,-0.507,-1.449,IMD_synthetic
RFVLG0030M04,VLG0030,Pipri,2025,4,April,4.8,10.8,-0.556,-1.589,IMD_synthetic
RFVLG0030M05,VLG0030,Pipri,2025,5,May,5.4,11.6,-0.534,-1.526,IMD_synthetic
RFVLG0030M06,VLG0030,Pipri,2025,6,June,74.5,180.6,-0.587,-1.677,IMD_synthetic
RFVLG0030M07,VLG0030,Pipri,2025,7,July,177.2,374.0,-0.526,-1.503,IMD_synthetic
RFVLG0030M08,VLG0030,Pipri,2025,8,August,182.1,374.1,-0.513,-1.466,IMD_synthetic
RFVLG0030M09,VLG0030,Pipri,2025,9,September,90.7,203.1,-0.553,-1.58,IMD_synthetic
RFVLG0030M10,VLG0030,Pipri,2025,10,October,30.3,65.1,-0.535,-1.529,IMD_synthetic
RFVLG0030M11,VLG0030,Pipri,2025,11,November,4.4,9.9,-0.556,-1.589,IMD_synthetic
RFVLG0030M12,VLG0030,Pipri,2025,12,December,4.0,7.9,-0.494,-1.411,IMD_synthetic
RFVLG0031M01,VLG0031,Moregaon,2025,1,January,12.0,11.4,0.053,0.151,IMD_synthetic
RFVLG0031M02,VLG0031,Moregaon,2025,2,February,10.3,8.9,0.157,0.449,IMD_synthetic
RFVLG0031M03,VLG0031,Moregaon,2025,3,March,16.7,14.6,0.144,0.411,IMD_synthetic
RFVLG0031M04,VLG0031,Moregaon,2025,4,April,11.0,10.8,0.019,0.054,IMD_synthetic
RFVLG0031M05,VLG0031,Moregaon,2025,5,May,11.2,11.6,-0.034,-0.097,IMD_synthetic
RFVLG0031M06,VLG0031,Moregaon,2025,6,June,184.3,180.6,0.02,0.057,IMD_synthetic
RFVLG0031M07,VLG0031,Moregaon,2025,7,July,431.1,374.0,0.153,0.437,IMD_synthetic
RFVLG0031M08,VLG0031,Moregaon,2025,8,August,360.7,374.1,-0.036,-0.103,IMD_synthetic
RFVLG0031M09,VLG0031,Moregaon,2025,9,September,214.8,203.1,0.058,0.166,IMD_synthetic
RFVLG0031M10,VLG0031,Moregaon,2025,10,October,74.6,65.1,0.146,0.417,IMD_synthetic
RFVLG0031M11,VLG0031,Moregaon,2025,11,November,9.9,9.9,0.0,0.0,IMD_synthetic
RFVLG0031M12,VLG0031,Moregaon,2025,12,December,8.6,7.9,0.089,0.254,IMD_synthetic
RFVLG0032M01,VLG0032,Mul,2025,1,January,4.7,11.4,-0.588,-1.68,IMD_synthetic
RFVLG0032M02,VLG0032,Mul,2025,2,February,3.5,8.9,-0.607,-1.734,IMD_synthetic
RFVLG0032M03,VLG0032,Mul,2025,3,March,7.2,14.6,-0.507,-1.449,IMD_synthetic
RFVLG0032M04,VLG0032,Mul,2025,4,April,4.3,10.8,-0.602,-1.72,IMD_synthetic
RFVLG0032M05,VLG0032,Mul,2025,5,May,4.9,11.6,-0.578,-1.651,IMD_synthetic
RFVLG0032M06,VLG0032,Mul,2025,6,June,89.9,180.6,-0.502,-1.434,IMD_synthetic
RFVLG0032M07,VLG0032,Mul,2025,7,July,160.5,374.0,-0.571,-1.631,IMD_synthetic
RFVLG0032M08,VLG0032,Mul,2025,8,August,192.2,374.1,-0.486,-1.389,IMD_synthetic
RFVLG0032M09,VLG0032,Mul,2025,9,September,104.5,203.1,-0.485,-1.386,IMD_synthetic
RFVLG0032M10,VLG0032,Mul,2025,10,October,27.3,65.1,-0.581,-1.66,IMD_synthetic
RFVLG0032M11,VLG0032,Mul,2025,11,November,3.8,9.9,-0.616,-1.76,IMD_synthetic
RFVLG0032M12,VLG0032,Mul,2025,12,December,3.8,7.9,-0.519,-1.483,IMD_synthetic
RFVLG0033M01,VLG0033,Sawali,2025,1,January,9.5,11.4,-0.167,-0.477,IMD_synthetic
RFVLG0033M02,VLG0033,Sawali,2025,2,February,6.7,8.9,-0.247,-0.706,IMD_synthetic
RFVLG0033M03,VLG0033,Sawali,2025,3,March,13.2,14.6,-0.096,-0.274,IMD_synthetic
RFVLG0033M04,VLG0033,Sawali,2025,4,April,7.9,10.8,-0.269,-0.769,IMD_synthetic
RFVLG0033M05,VLG0033,Sawali,2025,5,May,11.0,11.6,-0.052,-0.149,IMD_synthetic
RFVLG0033M06,VLG0033,Sawali,2025,6,June,136.9,180.6,-0.242,-0.691,IMD_synthetic
RFVLG0033M07,VLG0033,Sawali,2025,7,July,282.4,374.0,-0.245,-0.7,IMD_synthetic
RFVLG0033M08,VLG0033,Sawali,2025,8,August,287.0,374.1,-0.233,-0.666,IMD_synthetic
RFVLG0033M09,VLG0033,Sawali,2025,9,September,196.5,203.1,-0.032,-0.091,IMD_synthetic
RFVLG0033M10,VLG0033,Sawali,2025,10,October,58.5,65.1,-0.101,-0.289,IMD_synthetic
RFVLG0033M11,VLG0033,Sawali,2025,11,November,9.2,9.9,-0.071,-0.203,IMD_synthetic
RFVLG0033M12,VLG0033,Sawali,2025,12,December,6.5,7.9,-0.177,-0.506,IMD_synthetic
RFVLG0034M01,VLG0034,Nanda,2025,1,January,11.4,11.4,0.0,0.0,IMD_synthetic
RFVLG0034M02,VLG0034,Nanda,2025,2,February,8.6,8.9,-0.034,-0.097,IMD_synthetic
RFVLG0034M03,VLG0034,Nanda,2025,3,March,15.2,14.6,0.041,0.117,IMD_synthetic
RFVLG0034M04,VLG0034,Nanda,2025,4,April,11.5,10.8,0.065,0.186,IMD_synthetic
RFVLG0034M05,VLG0034,Nanda,2025,5,May,12.7,11.6,0.095,0.271,IMD_synthetic
RFVLG0034M06,VLG0034,Nanda,2025,6,June,175.8,180.6,-0.027,-0.077,IMD_synthetic
RFVLG0034M07,VLG0034,Nanda,2025,7,July,445.6,374.0,0.191,0.546,IMD_synthetic
RFVLG0034M08,VLG0034,Nanda,2025,8,August,353.9,374.1,-0.054,-0.154,IMD_synthetic
RFVLG0034M09,VLG0034,Nanda,2025,9,September,243.0,203.1,0.196,0.56,IMD_synthetic
RFVLG0034M10,VLG0034,Nanda,2025,10,October,58.4,65.1,-0.103,-0.294,IMD_synthetic
RFVLG0034M11,VLG0034,Nanda,2025,11,November,10.3,9.9,0.04,0.114,IMD_synthetic
RFVLG0034M12,VLG0034,Nanda,2025,12,December,7.9,7.9,0.0,0.0,IMD_synthetic
RFVLG0035M01,VLG0035,Rampuri,2025,1,January,5.1,11.4,-0.553,-1.58,IMD_synthetic
RFVLG0035M02,VLG0035,Rampuri,2025,2,February,4.1,8.9,-0.539,-1.54,IMD_synthetic
RFVLG0035M03,VLG0035,Rampuri,2025,3,March,6.4,14.6,-0.562,-1.606,IMD_synthetic
RFVLG0035M04,VLG0035,Rampuri,2025,4,April,4.7,10.8,-0.565,-1.614,IMD_synthetic
RFVLG0035M05,VLG0035,Rampuri,2025,5,May,5.6,11.6,-0.517,-1.477,IMD_synthetic
RFVLG0035M06,VLG0035,Rampuri,2025,6,June,85.8,180.6,-0.525,-1.5,IMD_synthetic
RFVLG0035M07,VLG0035,Rampuri,2025,7,July,185.1,374.0,-0.505,-1.443,IMD_synthetic
RFVLG0035M08,VLG0035,Rampuri,2025,8,August,155.7,374.1,-0.584,-1.669,IMD_synthetic
RFVLG0035M09,VLG0035,Rampuri,2025,9,September,94.4,203.1,-0.535,-1.529,IMD_synthetic
RFVLG0035M10,VLG0035,Rampuri,2025,10,October,30.0,65.1,-0.539,-1.54,IMD_synthetic
RFVLG0035M11,VLG0035,Rampuri,2025,11,November,4.3,9.9,-0.566,-1.617,IMD_synthetic
RFVLG0035M12,VLG0035,Rampuri,2025,12,December,3.5,7.9,-0.557,-1.591,IMD_synthetic
RFVLG0036M01,VLG0036,Nimgaon,2025,1,January,7.0,11.4,-0.386,-1.103,IMD_synthetic
RFVLG0036M02,VLG0036,Nimgaon,2025,2,February,5.2,8.9,-0.416,-1.189,IMD_synthetic
RFVLG0036M03,VLG0036,Nimgaon,2025,3,March,8.7,14.6,-0.404,-1.154,IMD_synthetic
RFVLG0036M04,VLG0036,Nimgaon,2025,4,April,6.2,10.8,-0.426,-1.217,IMD_synthetic
RFVLG0036M05,VLG0036,Nimgaon,2025,5,May,8.0,11.6,-0.31,-0.886,IMD_synthetic
RFVLG0036M06,VLG0036,Nimgaon,2025,6,June,123.1,180.6,-0.318,-0.909,IMD_synthetic
RFVLG0036M07,VLG0036,Nimgaon,2025,7,July,276.0,374.0,-0.262,-0.749,IMD_synthetic
RFVLG0036M08,VLG0036,Nimgaon,2025,8,August,259.9,374.1,-0.305,-0.871,IMD_synthetic
RFVLG0036M09,VLG0036,Nimgaon,2025,9,September,114.3,203.1,-0.437,-1.249,IMD_synthetic
RFVLG0036M10,VLG0036,Nimgaon,2025,10,October,47.2,65.1,-0.275,-0.786,IMD_synthetic
RFVLG0036M11,VLG0036,Nimgaon,2025,11,November,7.1,9.9,-0.283,-0.809,IMD_synthetic
RFVLG0036M12,VLG0036,Nimgaon,2025,12,December,5.0,7.9,-0.367,-1.049,IMD_synthetic
RFVLG0037M01,VLG0037,Ghugus,2025,1,January,7.6,11.4,-0.333,-0.951,IMD_synthetic
RFVLG0037M02,VLG0037,Ghugus,2025,2,February,6.6,8.9,-0.258,-0.737,IMD_synthetic
RFVLG0037M03,VLG0037,Ghugus,2025,3,March,9.6,14.6,-0.342,-0.977,IMD_synthetic
RFVLG0037M04,VLG0037,Ghugus,2025,4,April,7.9,10.8,-0.269,-0.769,IMD_synthetic
RFVLG0037M05,VLG0037,Ghugus,2025,5,May,6.6,11.6,-0.431,-1.231,IMD_synthetic
RFVLG0037M06,VLG0037,Ghugus,2025,6,June,106.5,180.6,-0.41,-1.171,IMD_synthetic
RFVLG0037M07,VLG0037,Ghugus,2025,7,July,238.8,374.0,-0.361,-1.031,IMD_synthetic
RFVLG0037M08,VLG0037,Ghugus,2025,8,August,249.3,374.1,-0.334,-0.954,IMD_synthetic
RFVLG0037M09,VLG0037,Ghugus,2025,9,September,144.5,203.1,-0.289,-0.826,IMD_synthetic
RFVLG0037M10,VLG0037,Ghugus,2025,10,October,48.5,65.1,-0.255,-0.729,IMD_synthetic
RFVLG0037M11,VLG0037,Ghugus,2025,11,November,6.2,9.9,-0.374,-1.069,IMD_synthetic
RFVLG0037M12,VLG0037,Ghugus,2025,12,December,4.4,7.9,-0.443,-1.266,IMD_synthetic
RFVLG0038M01,VLG0038,Dahegaon,2025,1,January,10.6,11.4,-0.07,-0.2,IMD_synthetic
RFVLG0038M02,VLG0038,Dahegaon,2025,2,February,7.8,8.9,-0.124,-0.354,IMD_synthetic
RFVLG0038M03,VLG0038,Dahegaon,2025,3,March,11.3,14.6,-0.226,-0.646,IMD_synthetic
RFVLG0038M04,VLG0038,Dahegaon,2025,4,April,9.2,10.8,-0.148,-0.423,IMD_synthetic
RFVLG0038M05,VLG0038,Dahegaon,2025,5,May,10.6,11.6,-0.086,-0.246,IMD_synthetic
RFVLG0038M06,VLG0038,Dahegaon,2025,6,June,166.0,180.6,-0.081,-0.231,IMD_synthetic
RFVLG0038M07,VLG0038,Dahegaon,2025,7,July,317.9,374.0,-0.15,-0.429,IMD_synthetic
RFVLG0038M08,VLG0038,Dahegaon,2025,8,August,299.4,374.1,-0.2,-0.571,IMD_synthetic
RFVLG0038M09,VLG0038,Dahegaon,2025,9,September,197.2,203.1,-0.029,-0.083,IMD_synthetic
RFVLG0038M10,VLG0038,Dahegaon,2025,10,October,58.0,65.1,-0.109,-0.311,IMD_synthetic
RFVLG0038M11,VLG0038,Dahegaon,2025,11,November,8.2,9.9,-0.172,-0.491,IMD_synthetic
RFVLG0038M12,VLG0038,Dahegaon,2025,12,December,6.3,7.9,-0.203,-0.58,IMD_synthetic
RFVLG0039M01,VLG0039,Dhapewada,2025,1,January,10.4,11.4,-0.088,-0.251,IMD_synthetic
RFVLG0039M02,VLG0039,Dhapewada,2025,2,February,7.0,8.9,-0.213,-0.609,IMD_synthetic
RFVLG0039M03,VLG0039,Dhapewada,2025,3,March,11.2,14.6,-0.233,-0.666,IMD_synthetic
RFVLG0039M04,VLG0039,Dhapewada,2025,4,April,9.3,10.8,-0.139,-0.397,IMD_synthetic
RFVLG0039M05,VLG0039,Dhapewada,2025,5,May,9.2,11.6,-0.207,-0.591,IMD_synthetic
RFVLG0039M06,VLG0039,Dhapewada,2025,6,June,159.4,180.6,-0.117,-0.334,IMD_synthetic
RFVLG0039M07,VLG0039,Dhapewada,2025,7,July,281.5,374.0,-0.247,-0.706,IMD_synthetic
RFVLG0039M08,VLG0039,Dhapewada,2025,8,August,332.8,374.1,-0.11,-0.314,IMD_synthetic
RFVLG0039M09,VLG0039,Dhapewada,2025,9,September,161.4,203.1,-0.205,-0.586,IMD_synthetic
RFVLG0039M10,VLG0039,Dhapewada,2025,10,October,47.0,65.1,-0.278,-0.794,IMD_synthetic
RFVLG0039M11,VLG0039,Dhapewada,2025,11,November,7.5,9.9,-0.242,-0.691,IMD_synthetic
RFVLG0039M12,VLG0039,Dhapewada,2025,12,December,7.6,7.9,-0.038,-0.109,IMD_synthetic
RFVLG0040M01,VLG0040,Taroda,2025,1,January,10.8,11.4,-0.053,-0.151,IMD_synthetic
RFVLG0040M02,VLG0040,Taroda,2025,2,February,7.0,8.9,-0.213,-0.609,IMD_synthetic
RFVLG0040M03,VLG0040,Taroda,2025,3,March,13.4,14.6,-0.082,-0.234,IMD_synthetic
RFVLG0040M04,VLG0040,Taroda,2025,4,April,9.5,10.8,-0.12,-0.343,IMD_synthetic
RFVLG0040M05,VLG0040,Taroda,2025,5,May,11.3,11.6,-0.026,-0.074,IMD_synthetic
RFVLG0040M06,VLG0040,Taroda,2025,6,June,147.7,180.6,-0.182,-0.52,IMD_synthetic
RFVLG0040M07,VLG0040,Taroda,2025,7,July,335.2,374.0,-0.104,-0.297,IMD_synthetic
RFVLG0040M08,VLG0040,Taroda,2025,8,August,276.3,374.1,-0.261,-0.746,IMD_synthetic
RFVLG0040M09,VLG0040,Taroda,2025,9,September,167.3,203.1,-0.176,-0.503,IMD_synthetic
RFVLG0040M10,VLG0040,Taroda,2025,10,October,63.0,65.1,-0.032,-0.091,IMD_synthetic
RFVLG0040M11,VLG0040,Taroda,2025,11,November,8.5,9.9,-0.141,-0.403,IMD_synthetic
RFVLG0040M12,VLG0040,Taroda,2025,12,December,6.3,7.9,-0.203,-0.58,IMD_synthetic
RFVLG0041M01,VLG0041,Sindewahi,2025,1,January,4.5,11.4,-0.605,-1.729,IMD_synthetic
RFVLG0041M02,VLG0041,Sindewahi,2025,2,February,4.2,8.9,-0.528,-1.509,IMD_synthetic
RFVLG0041M03,VLG0041,Sindewahi,2025,3,March,6.9,14.6,-0.527,-1.506,IMD_synthetic
RFVLG0041M04,VLG0041,Sindewahi,2025,4,April,4.7,10.8,-0.565,-1.614,IMD_synthetic
RFVLG0041M05,VLG0041,Sindewahi,2025,5,May,5.9,11.6,-0.491,-1.403,IMD_synthetic
RFVLG0041M06,VLG0041,Sindewahi,2025,6,June,69.6,180.6,-0.615,-1.757,IMD_synthetic
RFVLG0041M07,VLG0041,Sindewahi,2025,7,July,158.4,374.0,-0.576,-1.646,IMD_synthetic
RFVLG0041M08,VLG0041,Sindewahi,2025,8,August,189.6,374.1,-0.493,-1.409,IMD_synthetic
RFVLG0041M09,VLG0041,Sindewahi,2025,9,September,86.5,203.1,-0.574,-1.64,IMD_synthetic
RFVLG0041M10,VLG0041,Sindewahi,2025,10,October,27.1,65.1,-0.584,-1.669,IMD_synthetic
RFVLG0041M11,VLG0041,Sindewahi,2025,11,November,4.5,9.9,-0.545,-1.557,IMD_synthetic
RFVLG0041M12,VLG0041,Sindewahi,2025,12,December,3.9,7.9,-0.506,-1.446,IMD_synthetic
RFVLG0042M01,VLG0042,Zarpada,2025,1,January,4.5,11.4,-0.605,-1.729,IMD_synthetic
RFVLG0042M02,VLG0042,Zarpada,2025,2,February,4.5,8.9,-0.494,-1.411,IMD_synthetic
RFVLG0042M03,VLG0042,Zarpada,2025,3,March,7.2,14.6,-0.507,-1.449,IMD_synthetic
RFVLG0042M04,VLG0042,Zarpada,2025,4,April,4.4,10.8,-0.593,-1.694,IMD_synthetic
RFVLG0042M05,VLG0042,Zarpada,2025,5,May,5.6,11.6,-0.517,-1.477,IMD_synthetic
RFVLG0042M06,VLG0042,Zarpada,2025,6,June,78.5,180.6,-0.565,-1.614,IMD_synthetic
RFVLG0042M07,VLG0042,Zarpada,2025,7,July,163.4,374.0,-0.563,-1.609,IMD_synthetic
RFVLG0042M08,VLG0042,Zarpada,2025,8,August,182.7,374.1,-0.512,-1.463,IMD_synthetic
RFVLG0042M09,VLG0042,Zarpada,2025,9,September,104.1,203.1,-0.487,-1.391,IMD_synthetic
RFVLG0042M10,VLG0042,Zarpada,2025,10,October,26.0,65.1,-0.601,-1.717,IMD_synthetic
RFVLG0042M11,VLG0042,Zarpada,2025,11,November,4.3,9.9,-0.566,-1.617,IMD_synthetic
RFVLG0042M12,VLG0042,Zarpada,2025,12,December,3.5,7.9,-0.557,-1.591,IMD_synthetic
RFVLG0043M01,VLG0043,Halewara,2025,1,January,11.5,11.4,0.009,0.026,IMD_synthetic
RFVLG0043M02,VLG0043,Halewara,2025,2,February,9.0,8.9,0.011,0.031,IMD_synthetic
RFVLG0043M03,VLG0043,Halewara,2025,3,March,13.3,14.6,-0.089,-0.254,IMD_synthetic
RFVLG0043M04,VLG0043,Halewara,2025,4,April,12.0,10.8,0.111,0.317,IMD_synthetic
RFVLG0043M05,VLG0043,Halewara,2025,5,May,11.9,11.6,0.026,0.074,IMD_synthetic
RFVLG0043M06,VLG0043,Halewara,2025,6,June,172.3,180.6,-0.046,-0.131,IMD_synthetic
RFVLG0043M07,VLG0043,Halewara,2025,7,July,429.9,374.0,0.149,0.426,IMD_synthetic
RFVLG0043M08,VLG0043,Halewara,2025,8,August,428.5,374.1,0.145,0.414,IMD_synthetic
RFVLG0043M09,VLG0043,Halewara,2025,9,September,212.4,203.1,0.046,0.131,IMD_synthetic
RFVLG0043M10,VLG0043,Halewara,2025,10,October,64.2,65.1,-0.014,-0.04,IMD_synthetic
RFVLG0043M11,VLG0043,Halewara,2025,11,November,10.8,9.9,0.091,0.26,IMD_synthetic
RFVLG0043M12,VLG0043,Halewara,2025,12,December,7.8,7.9,-0.013,-0.037,IMD_synthetic
RFVLG0044M01,VLG0044,Warora,2025,1,January,8.9,11.4,-0.219,-0.626,IMD_synthetic
RFVLG0044M02,VLG0044,Warora,2025,2,February,8.1,8.9,-0.09,-0.257,IMD_synthetic
RFVLG0044M03,VLG0044,Warora,2025,3,March,10.7,14.6,-0.267,-0.763,IMD_synthetic
RFVLG0044M04,VLG0044,Warora,2025,4,April,8.1,10.8,-0.25,-0.714,IMD_synthetic
RFVLG0044M05,VLG0044,Warora,2025,5,May,8.4,11.6,-0.276,-0.789,IMD_synthetic
RFVLG0044M06,VLG0044,Warora,2025,6,June,137.5,180.6,-0.239,-0.683,IMD_synthetic
RFVLG0044M07,VLG0044,Warora,2025,7,July,276.8,374.0,-0.26,-0.743,IMD_synthetic
RFVLG0044M08,VLG0044,Warora,2025,8,August,365.3,374.1,-0.024,-0.069,IMD_synthetic
RFVLG0044M09,VLG0044,Warora,2025,9,September,161.7,203.1,-0.204,-0.583,IMD_synthetic
RFVLG0044M10,VLG0044,Warora,2025,10,October,49.5,65.1,-0.24,-0.686,IMD_synthetic
RFVLG0044M11,VLG0044,Warora,2025,11,November,7.8,9.9,-0.212,-0.606,IMD_synthetic
RFVLG0044M12,VLG0044,Warora,2025,12,December,7.6,7.9,-0.038,-0.109,IMD_synthetic
RFVLG0045M01,VLG0045,Yerli,2025,1,January,12.0,11.4,0.053,0.151,IMD_synthetic
RFVLG0045M02,VLG0045,Yerli,2025,2,February,9.0,8.9,0.011,0.031,IMD_synthetic
RFVLG0045M03,VLG0045,Yerli,2025,3,March,17.0,14.6,0.164,0.469,IMD_synthetic
RFVLG0045M04,VLG0045,Yerli,2025,4,April,11.0,10.8,0.019,0.054,IMD_synthetic
RFVLG0045M05,VLG0045,Yerli,2025,5,May,11.6,11.6,0.0,0.0,IMD_synthetic
RFVLG0045M06,VLG0045,Yerli,2025,6,June,173.0,180.6,-0.042,-0.12,IMD_synthetic
RFVLG0045M07,VLG0045,Yerli,2025,7,July,378.3,374.0,0.011,0.031,IMD_synthetic
RFVLG0045M08,VLG0045,Yerli,2025,8,August,371.2,374.1,-0.008,-0.023,IMD_synthetic
RFVLG0045M09,VLG0045,Yerli,2025,9,September,224.6,203.1,0.106,0.303,IMD_synthetic
RFVLG0045M10,VLG0045,Yerli,2025,10,October,64.0,65.1,-0.017,-0.049,IMD_synthetic
RFVLG0045M11,VLG0045,Yerli,2025,11,November,10.6,9.9,0.071,0.203,IMD_synthetic
RFVLG0045M12,VLG0045,Yerli,2025,12,December,7.2,7.9,-0.089,-0.254,IMD_synthetic
RFVLG0046M01,VLG0046,Kuli,2025,1,January,6.7,11.4,-0.412,-1.177,IMD_synthetic
RFVLG0046M02,VLG0046,Kuli,2025,2,February,5.6,8.9,-0.371,-1.06,IMD_synthetic
RFVLG0046M03,VLG0046,Kuli,2025,3,March,10.7,14.6,-0.267,-0.763,IMD_synthetic
RFVLG0046M04,VLG0046,Kuli,2025,4,April,6.8,10.8,-0.37,-1.057,IMD_synthetic
RFVLG0046M05,VLG0046,Kuli,2025,5,May,7.9,11.6,-0.319,-0.911,IMD_synthetic
RFVLG0046M06,VLG0046,Kuli,2025,6,June,108.8,180.6,-0.398,-1.137,IMD_synthetic
RFVLG0046M07,VLG0046,Kuli,2025,7,July,215.9,374.0,-0.423,-1.209,IMD_synthetic
RFVLG0046M08,VLG0046,Kuli,2025,8,August,211.0,374.1,-0.436,-1.246,IMD_synthetic
RFVLG0046M09,VLG0046,Kuli,2025,9,September,124.3,203.1,-0.388,-1.109,IMD_synthetic
RFVLG0046M10,VLG0046,Kuli,2025,10,October,38.0,65.1,-0.416,-1.189,IMD_synthetic
RFVLG0046M11,VLG0046,Kuli,2025,11,November,5.8,9.9,-0.414,-1.183,IMD_synthetic
RFVLG0046M12,VLG0046,Kuli,2025,12,December,5.5,7.9,-0.304,-0.869,IMD_synthetic
RFVLG0047M01,VLG0047,Shirsoli,2025,1,January,10.2,11.4,-0.105,-0.3,IMD_synthetic
RFVLG0047M02,VLG0047,Shirsoli,2025,2,February,9.5,8.9,0.067,0.191,IMD_synthetic
RFVLG0047M03,VLG0047,Shirsoli,2025,3,March,14.8,14.6,0.014,0.04,IMD_synthetic
RFVLG0047M04,VLG0047,Shirsoli,2025,4,April,11.4,10.8,0.056,0.16,IMD_synthetic
RFVLG0047M05,VLG0047,Shirsoli,2025,5,May,12.4,11.6,0.069,0.197,IMD_synthetic
RFVLG0047M06,VLG0047,Shirsoli,2025,6,June,179.0,180.6,-0.009,-0.026,IMD_synthetic
RFVLG0047M07,VLG0047,Shirsoli,2025,7,July,368.6,374.0,-0.014,-0.04,IMD_synthetic
RFVLG0047M08,VLG0047,Shirsoli,2025,8,August,420.3,374.1,0.123,0.351,IMD_synthetic
RFVLG0047M09,VLG0047,Shirsoli,2025,9,September,237.0,203.1,0.167,0.477,IMD_synthetic
RFVLG0047M10,VLG0047,Shirsoli,2025,10,October,62.1,65.1,-0.046,-0.131,IMD_synthetic
RFVLG0047M11,VLG0047,Shirsoli,2025,11,November,9.1,9.9,-0.081,-0.231,IMD_synthetic
RFVLG0047M12,VLG0047,Shirsoli,2025,12,December,9.3,7.9,0.177,0.506,IMD_synthetic
RFVLG0048M01,VLG0048,Ghota,2025,1,January,11.4,11.4,0.0,0.0,IMD_synthetic
RFVLG0048M02,VLG0048,Ghota,2025,2,February,9.5,8.9,0.067,0.191,IMD_synthetic
RFVLG0048M03,VLG0048,Ghota,2025,3,March,14.7,14.6,0.007,0.02,IMD_synthetic
RFVLG0048M04,VLG0048,Ghota,2025,4,April,10.1,10.8,-0.065,-0.186,IMD_synthetic
RFVLG0048M05,VLG0048,Ghota,2025,5,May,12.5,11.6,0.078,0.223,IMD_synthetic
RFVLG0048M06,VLG0048,Ghota,2025,6,June,191.1,180.6,0.058,0.166,IMD_synthetic
RFVLG0048M07,VLG0048,Ghota,2025,7,July,357.7,374.0,-0.044,-0.126,IMD_synthetic
RFVLG0048M08,VLG0048,Ghota,2025,8,August,387.1,374.1,0.035,0.1,IMD_synthetic
RFVLG0048M09,VLG0048,Ghota,2025,9,September,232.3,203.1,0.144,0.411,IMD_synthetic
RFVLG0048M10,VLG0048,Ghota,2025,10,October,70.2,65.1,0.078,0.223,IMD_synthetic
RFVLG0048M11,VLG0048,Ghota,2025,11,November,9.1,9.9,-0.081,-0.231,IMD_synthetic
RFVLG0048M12,VLG0048,Ghota,2025,12,December,8.4,7.9,0.063,0.18,IMD_synthetic
RFVLG0049M01,VLG0049,Bellora,2025,1,January,5.4,11.4,-0.526,-1.503,IMD_synthetic
RFVLG0049M02,VLG0049,Bellora,2025,2,February,4.4,8.9,-0.506,-1.446,IMD_synthetic
RFVLG0049M03,VLG0049,Bellora,2025,3,March,6.8,14.6,-0.534,-1.526,IMD_synthetic
RFVLG0049M04,VLG0049,Bellora,2025,4,April,4.4,10.8,-0.593,-1.694,IMD_synthetic
RFVLG0049M05,VLG0049,Bellora,2025,5,May,5.5,11.6,-0.526,-1.503,IMD_synthetic
RFVLG0049M06,VLG0049,Bellora,2025,6,June,85.6,180.6,-0.526,-1.503,IMD_synthetic
RFVLG0049M07,VLG0049,Bellora,2025,7,July,144.3,374.0,-0.614,-1.754,IMD_synthetic
RFVLG0049M08,VLG0049,Bellora,2025,8,August,163.9,374.1,-0.562,-1.606,IMD_synthetic
RFVLG0049M09,VLG0049,Bellora,2025,9,September,86.8,203.1,-0.573,-1.637,IMD_synthetic
RFVLG0049M10,VLG0049,Bellora,2025,10,October,30.8,65.1,-0.527,-1.506,IMD_synthetic
RFVLG0049M11,VLG0049,Bellora,2025,11,November,4.1,9.9,-0.586,-1.674,IMD_synthetic
RFVLG0049M12,VLG0049,Bellora,2025,12,December,3.7,7.9,-0.532,-1.52,IMD_synthetic
RFVLG0050M01,VLG0050,Bijli,2025,1,January,8.3,11.4,-0.272,-0.777,IMD_synthetic
RFVLG0050M02,VLG0050,Bijli,2025,2,February,6.3,8.9,-0.292,-0.834,IMD_synthetic
RFVLG0050M03,VLG0050,Bijli,2025,3,March,10.7,14.6,-0.267,-0.763,IMD_synthetic
RFVLG0050M04,VLG0050,Bijli,2025,4,April,8.0,10.8,-0.259,-0.74,IMD_synthetic
RFVLG0050M05,VLG0050,Bijli,2025,5,May,6.4,11.6,-0.448,-1.28,IMD_synthetic
RFVLG0050M06,VLG0050,Bijli,2025,6,June,121.7,180.6,-0.326,-0.931,IMD_synthetic
RFVLG0050M07,VLG0050,Bijli,2025,7,July,236.7,374.0,-0.367,-1.049,IMD_synthetic
RFVLG0050M08,VLG0050,Bijli,2025,8,August,269.4,374.1,-0.28,-0.8,IMD_synthetic
RFVLG0050M09,VLG0050,Bijli,2025,9,September,122.2,203.1,-0.398,-1.137,IMD_synthetic
RFVLG0050M10,VLG0050,Bijli,2025,10,October,48.4,65.1,-0.257,-0.734,IMD_synthetic
RFVLG0050M11,VLG0050,Bijli,2025,11,November,6.7,9.9,-0.323,-0.923,IMD_synthetic
RFVLG0050M12,VLG0050,Bijli,2025,12,December,5.6,7.9,-0.291,-0.831,IMD_synthetic
RFVLG0051M01,VLG0051,Wanjari,2025,1,January,8.5,11.4,-0.254,-0.726,IMD_synthetic
RFVLG0051M02,VLG0051,Wanjari,2025,2,February,6.8,8.9,-0.236,-0.674,IMD_synthetic
RFVLG0051M03,VLG0051,Wanjari,2025,3,March,13.4,14.6,-0.082,-0.234,IMD_synthetic
RFVLG0051M04,VLG0051,Wanjari,2025,4,April,7.9,10.8,-0.269,-0.769,IMD_synthetic
RFVLG0051M05,VLG0051,Wanjari,2025,5,May,10.8,11.6,-0.069,-0.197,IMD_synthetic
RFVLG0051M06,VLG0051,Wanjari,2025,6,June,131.1,180.6,-0.274,-0.783,IMD_synthetic
RFVLG0051M07,VLG0051,Wanjari,2025,7,July,332.9,374.0,-0.11,-0.314,IMD_synthetic
RFVLG0051M08,VLG0051,Wanjari,2025,8,August,305.1,374.1,-0.184,-0.526,IMD_synthetic
RFVLG0051M09,VLG0051,Wanjari,2025,9,September,178.4,203.1,-0.122,-0.349,IMD_synthetic
RFVLG0051M10,VLG0051,Wanjari,2025,10,October,58.6,65.1,-0.1,-0.286,IMD_synthetic
RFVLG0051M11,VLG0051,Wanjari,2025,11,November,8.0,9.9,-0.192,-0.549,IMD_synthetic
RFVLG0051M12,VLG0051,Wanjari,2025,12,December,5.9,7.9,-0.253,-0.723,IMD_synthetic
RFVLG0052M01,VLG0052,Kupti,2025,1,January,4.5,11.4,-0.605,-1.729,IMD_synthetic
RFVLG0052M02,VLG0052,Kupti,2025,2,February,4.1,8.9,-0.539,-1.54,IMD_synthetic
RFVLG0052M03,VLG0052,Kupti,2025,3,March,6.6,14.6,-0.548,-1.566,IMD_synthetic
RFVLG0052M04,VLG0052,Kupti,2025,4,April,5.2,10.8,-0.519,-1.483,IMD_synthetic
RFVLG0052M05,VLG0052,Kupti,2025,5,May,5.2,11.6,-0.552,-1.577,IMD_synthetic
RFVLG0052M06,VLG0052,Kupti,2025,6,June,79.4,180.6,-0.56,-1.6,IMD_synthetic
RFVLG0052M07,VLG0052,Kupti,2025,7,July,163.2,374.0,-0.564,-1.611,IMD_synthetic
RFVLG0052M08,VLG0052,Kupti,2025,8,August,144.4,374.1,-0.614,-1.754,IMD_synthetic
RFVLG0052M09,VLG0052,Kupti,2025,9,September,86.9,203.1,-0.572,-1.634,IMD_synthetic
RFVLG0052M10,VLG0052,Kupti,2025,10,October,33.5,65.1,-0.485,-1.386,IMD_synthetic
RFVLG0052M11,VLG0052,Kupti,2025,11,November,5.0,9.9,-0.495,-1.414,IMD_synthetic
RFVLG0052M12,VLG0052,Kupti,2025,12,December,3.4,7.9,-0.57,-1.629,IMD_synthetic
RFVLG0053M01,VLG0053,Chitoda,2025,1,January,12.3,11.4,0.079,0.226,IMD_synthetic
RFVLG0053M02,VLG0053,Chitoda,2025,2,February,10.3,8.9,0.157,0.449,IMD_synthetic
RFVLG0053M03,VLG0053,Chitoda,2025,3,March,15.1,14.6,0.034,0.097,IMD_synthetic
RFVLG0053M04,VLG0053,Chitoda,2025,4,April,9.7,10.8,-0.102,-0.291,IMD_synthetic
RFVLG0053M05,VLG0053,Chitoda,2025,5,May,10.6,11.6,-0.086,-0.246,IMD_synthetic
RFVLG0053M06,VLG0053,Chitoda,2025,6,June,190.2,180.6,0.053,0.151,IMD_synthetic
RFVLG0053M07,VLG0053,Chitoda,2025,7,July,448.0,374.0,0.198,0.566,IMD_synthetic
RFVLG0053M08,VLG0053,Chitoda,2025,8,August,415.6,374.1,0.111,0.317,IMD_synthetic
RFVLG0053M09,VLG0053,Chitoda,2025,9,September,185.8,203.1,-0.085,-0.243,IMD_synthetic
RFVLG0053M10,VLG0053,Chitoda,2025,10,October,62.0,65.1,-0.048,-0.137,IMD_synthetic
RFVLG0053M11,VLG0053,Chitoda,2025,11,November,11.2,9.9,0.131,0.374,IMD_synthetic
RFVLG0053M12,VLG0053,Chitoda,2025,12,December,9.1,7.9,0.152,0.434,IMD_synthetic
RFVLG0054M01,VLG0054,Sindi,2025,1,January,10.0,11.4,-0.123,-0.351,IMD_synthetic
RFVLG0054M02,VLG0054,Sindi,2025,2,February,7.9,8.9,-0.112,-0.32,IMD_synthetic
RFVLG0054M03,VLG0054,Sindi,2025,3,March,10.7,14.6,-0.267,-0.763,IMD_synthetic
RFVLG0054M04,VLG0054,Sindi,2025,4,April,10.1,10.8,-0.065,-0.186,IMD_synthetic
RFVLG0054M05,VLG0054,Sindi,2025,5,May,10.7,11.6,-0.078,-0.223,IMD_synthetic
RFVLG0054M06,VLG0054,Sindi,2025,6,June,142.4,180.6,-0.212,-0.606,IMD_synthetic
RFVLG0054M07,VLG0054,Sindi,2025,7,July,337.8,374.0,-0.097,-0.277,IMD_synthetic
RFVLG0054M08,VLG0054,Sindi,2025,8,August,290.8,374.1,-0.223,-0.637,IMD_synthetic
RFVLG0054M09,VLG0054,Sindi,2025,9,September,148.8,203.1,-0.267,-0.763,IMD_synthetic
RFVLG0054M10,VLG0054,Sindi,2025,10,October,50.4,65.1,-0.226,-0.646,IMD_synthetic
RFVLG0054M11,VLG0054,Sindi,2025,11,November,7.6,9.9,-0.232,-0.663,IMD_synthetic
RFVLG0054M12,VLG0054,Sindi,2025,12,December,6.4,7.9,-0.19,-0.543,IMD_synthetic
RFVLG0055M01,VLG0055,Wathoda,2025,1,January,9.5,11.4,-0.167,-0.477,IMD_synthetic
RFVLG0055M02,VLG0055,Wathoda,2025,2,February,7.6,8.9,-0.146,-0.417,IMD_synthetic
RFVLG0055M03,VLG0055,Wathoda,2025,3,March,12.3,14.6,-0.158,-0.451,IMD_synthetic
RFVLG0055M04,VLG0055,Wathoda,2025,4,April,8.5,10.8,-0.213,-0.609,IMD_synthetic
RFVLG0055M05,VLG0055,Wathoda,2025,5,May,8.5,11.6,-0.267,-0.763,IMD_synthetic
RFVLG0055M06,VLG0055,Wathoda,2025,6,June,158.4,180.6,-0.123,-0.351,IMD_synthetic
RFVLG0055M07,VLG0055,Wathoda,2025,7,July,308.0,374.0,-0.176,-0.503,IMD_synthetic
RFVLG0055M08,VLG0055,Wathoda,2025,8,August,298.8,374.1,-0.201,-0.574,IMD_synthetic
RFVLG0055M09,VLG0055,Wathoda,2025,9,September,191.6,203.1,-0.057,-0.163,IMD_synthetic
RFVLG0055M10,VLG0055,Wathoda,2025,10,October,59.4,65.1,-0.088,-0.251,IMD_synthetic
RFVLG0055M11,VLG0055,Wathoda,2025,11,November,9.3,9.9,-0.061,-0.174,IMD_synthetic
RFVLG0055M12,VLG0055,Wathoda,2025,12,December,6.7,7.9,-0.152,-0.434,IMD_synthetic
RFVLG0056M01,VLG0056,Kelapur,2025,1,January,6.6,11.4,-0.421,-1.203,IMD_synthetic
RFVLG0056M02,VLG0056,Kelapur,2025,2,February,6.1,8.9,-0.315,-0.9,IMD_synthetic
RFVLG0056M03,VLG0056,Kelapur,2025,3,March,8.7,14.6,-0.404,-1.154,IMD_synthetic
RFVLG0056M04,VLG0056,Kelapur,2025,4,April,6.9,10.8,-0.361,-1.031,IMD_synthetic
RFVLG0056M05,VLG0056,Kelapur,2025,5,May,6.6,11.6,-0.431,-1.231,IMD_synthetic
RFVLG0056M06,VLG0056,Kelapur,2025,6,June,128.8,180.6,-0.287,-0.82,IMD_synthetic
RFVLG0056M07,VLG0056,Kelapur,2025,7,July,215.8,374.0,-0.423,-1.209,IMD_synthetic
RFVLG0056M08,VLG0056,Kelapur,2025,8,August,272.6,374.1,-0.271,-0.774,IMD_synthetic
RFVLG0056M09,VLG0056,Kelapur,2025,9,September,146.4,203.1,-0.279,-0.797,IMD_synthetic
RFVLG0056M10,VLG0056,Kelapur,2025,10,October,41.9,65.1,-0.356,-1.017,IMD_synthetic
RFVLG0056M11,VLG0056,Kelapur,2025,11,November,6.9,9.9,-0.303,-0.866,IMD_synthetic
RFVLG0056M12,VLG0056,Kelapur,2025,12,December,5.3,7.9,-0.329,-0.94,IMD_synthetic
RFVLG0057M01,VLG0057,Chatari,2025,1,January,8.1,11.4,-0.289,-0.826,IMD_synthetic
RFVLG0057M02,VLG0057,Chatari,2025,2,February,5.7,8.9,-0.36,-1.029,IMD_synthetic
RFVLG0057M03,VLG0057,Chatari,2025,3,March,10.3,14.6,-0.295,-0.843,IMD_synthetic
RFVLG0057M04,VLG0057,Chatari,2025,4,April,6.9,10.8,-0.361,-1.031,IMD_synthetic
RFVLG0057M05,VLG0057,Chatari,2025,5,May,8.5,11.6,-0.267,-0.763,IMD_synthetic
RFVLG0057M06,VLG0057,Chatari,2025,6,June,116.9,180.6,-0.353,-1.009,IMD_synthetic
RFVLG0057M07,VLG0057,Chatari,2025,7,July,240.4,374.0,-0.357,-1.02,IMD_synthetic
RFVLG0057M08,VLG0057,Chatari,2025,8,August,264.0,374.1,-0.294,-0.84,IMD_synthetic
RFVLG0057M09,VLG0057,Chatari,2025,9,September,144.8,203.1,-0.287,-0.82,IMD_synthetic
RFVLG0057M10,VLG0057,Chatari,2025,10,October,43.0,65.1,-0.339,-0.969,IMD_synthetic
RFVLG0057M11,VLG0057,Chatari,2025,11,November,5.8,9.9,-0.414,-1.183,IMD_synthetic
RFVLG0057M12,VLG0057,Chatari,2025,12,December,5.1,7.9,-0.354,-1.011,IMD_synthetic
RFVLG0058M01,VLG0058,Chandori,2025,1,January,11.1,11.4,-0.026,-0.074,IMD_synthetic
RFVLG0058M02,VLG0058,Chandori,2025,2,February,8.1,8.9,-0.09,-0.257,IMD_synthetic
RFVLG0058M03,VLG0058,Chandori,2025,3,March,13.6,14.6,-0.068,-0.194,IMD_synthetic
RFVLG0058M04,VLG0058,Chandori,2025,4,April,7.9,10.8,-0.269,-0.769,IMD_synthetic
RFVLG0058M05,VLG0058,Chandori,2025,5,May,9.8,11.6,-0.155,-0.443,IMD_synthetic
RFVLG0058M06,VLG0058,Chandori,2025,6,June,160.3,180.6,-0.112,-0.32,IMD_synthetic
RFVLG0058M07,VLG0058,Chandori,2025,7,July,349.4,374.0,-0.066,-0.189,IMD_synthetic
RFVLG0058M08,VLG0058,Chandori,2025,8,August,275.0,374.1,-0.265,-0.757,IMD_synthetic
RFVLG0058M09,VLG0058,Chandori,2025,9,September,190.9,203.1,-0.06,-0.171,IMD_synthetic
RFVLG0058M10,VLG0058,Chandori,2025,10,October,56.1,65.1,-0.138,-0.394,IMD_synthetic
RFVLG0058M11,VLG0058,Chandori,2025,11,November,7.7,9.9,-0.222,-0.634,IMD_synthetic
RFVLG0058M12,VLG0058,Chandori,2025,12,December,6.3,7.9,-0.203,-0.58,IMD_synthetic
RFVLG0059M01,VLG0059,Murpar,2025,1,January,6.9,11.4,-0.395,-1.129,IMD_synthetic
RFVLG0059M02,VLG0059,Murpar,2025,2,February,5.8,8.9,-0.348,-0.994,IMD_synthetic
RFVLG0059M03,VLG0059,Murpar,2025,3,March,8.2,14.6,-0.438,-1.251,IMD_synthetic
RFVLG0059M04,VLG0059,Murpar,2025,4,April,6.3,10.8,-0.417,-1.191,IMD_synthetic
RFVLG0059M05,VLG0059,Murpar,2025,5,May,8.2,11.6,-0.293,-0.837,IMD_synthetic
RFVLG0059M06,VLG0059,Murpar,2025,6,June,104.5,180.6,-0.421,-1.203,IMD_synthetic
RFVLG0059M07,VLG0059,Murpar,2025,7,July,223.7,374.0,-0.402,-1.149,IMD_synthetic
RFVLG0059M08,VLG0059,Murpar,2025,8,August,239.8,374.1,-0.359,-1.026,IMD_synthetic
RFVLG0059M09,VLG0059,Murpar,2025,9,September,132.7,203.1,-0.347,-0.991,IMD_synthetic
RFVLG0059M10,VLG0059,Murpar,2025,10,October,45.7,65.1,-0.298,-0.851,IMD_synthetic
RFVLG0059M11,VLG0059,Murpar,2025,11,November,6.3,9.9,-0.364,-1.04,IMD_synthetic
RFVLG0059M12,VLG0059,Murpar,2025,12,December,5.6,7.9,-0.291,-0.831,IMD_synthetic
RFVLG0060M01,VLG0060,Peth,2025,1,January,5.3,11.4,-0.535,-1.529,IMD_synthetic
RFVLG0060M02,VLG0060,Peth,2025,2,February,3.5,8.9,-0.607,-1.734,IMD_synthetic
RFVLG0060M03,VLG0060,Peth,2025,3,March,5.9,14.6,-0.596,-1.703,IMD_synthetic
RFVLG0060M04,VLG0060,Peth,2025,4,April,4.8,10.8,-0.556,-1.589,IMD_synthetic
RFVLG0060M05,VLG0060,Peth,2025,5,May,5.1,11.6,-0.56,-1.6,IMD_synthetic
RFVLG0060M06,VLG0060,Peth,2025,6,June,87.2,180.6,-0.517,-1.477,IMD_synthetic
RFVLG0060M07,VLG0060,Peth,2025,7,July,172.4,374.0,-0.539,-1.54,IMD_synthetic
RFVLG0060M08,VLG0060,Peth,2025,8,August,162.7,374.1,-0.565,-1.614,IMD_synthetic
RFVLG0060M09,VLG0060,Peth,2025,9,September,82.4,203.1,-0.594,-1.697,IMD_synthetic
RFVLG0060M10,VLG0060,Peth,2025,10,October,26.9,65.1,-0.587,-1.677,IMD_synthetic
RFVLG0060M11,VLG0060,Peth,2025,11,November,4.6,9.9,-0.535,-1.529,IMD_synthetic
RFVLG0060M12,VLG0060,Peth,2025,12,December,3.5,7.9,-0.557,-1.591,IMD_synthetic
RFVLG0061M01,VLG0061,Gadegaon,2025,1,January,7.4,11.4,-0.351,-1.003,IMD_synthetic
RFVLG0061M02,VLG0061,Gadegaon,2025,2,February,5.2,8.9,-0.416,-1.189,IMD_synthetic
RFVLG0061M03,VLG0061,Gadegaon,2025,3,March,10.0,14.6,-0.315,-0.9,IMD_synthetic
RFVLG0061M04,VLG0061,Gadegaon,2025,4,April,7.8,10.8,-0.278,-0.794,IMD_synthetic
RFVLG0061M05,VLG0061,Gadegaon,2025,5,May,7.0,11.6,-0.397,-1.134,IMD_synthetic
RFVLG0061M06,VLG0061,Gadegaon,2025,6,June,117.1,180.6,-0.352,-1.006,IMD_synthetic
RFVLG0061M07,VLG0061,Gadegaon,2025,7,July,277.8,374.0,-0.257,-0.734,IMD_synthetic
RFVLG0061M08,VLG0061,Gadegaon,2025,8,August,231.0,374.1,-0.383,-1.094,IMD_synthetic
RFVLG0061M09,VLG0061,Gadegaon,2025,9,September,135.8,203.1,-0.331,-0.946,IMD_synthetic
RFVLG0061M10,VLG0061,Gadegaon,2025,10,October,37.1,65.1,-0.43,-1.229,IMD_synthetic
RFVLG0061M11,VLG0061,Gadegaon,2025,11,November,6.6,9.9,-0.333,-0.951,IMD_synthetic
RFVLG0061M12,VLG0061,Gadegaon,2025,12,December,4.5,7.9,-0.43,-1.229,IMD_synthetic
RFVLG0062M01,VLG0062,Dhaba,2025,1,January,13.6,11.4,0.193,0.551,IMD_synthetic
RFVLG0062M02,VLG0062,Dhaba,2025,2,February,9.9,8.9,0.112,0.32,IMD_synthetic
RFVLG0062M03,VLG0062,Dhaba,2025,3,March,16.7,14.6,0.144,0.411,IMD_synthetic
RFVLG0062M04,VLG0062,Dhaba,2025,4,April,12.0,10.8,0.111,0.317,IMD_synthetic
RFVLG0062M05,VLG0062,Dhaba,2025,5,May,12.5,11.6,0.078,0.223,IMD_synthetic
RFVLG0062M06,VLG0062,Dhaba,2025,6,June,186.8,180.6,0.034,0.097,IMD_synthetic
RFVLG0062M07,VLG0062,Dhaba,2025,7,July,434.9,374.0,0.163,0.466,IMD_synthetic
RFVLG0062M08,VLG0062,Dhaba,2025,8,August,446.6,374.1,0.194,0.554,IMD_synthetic
RFVLG0062M09,VLG0062,Dhaba,2025,9,September,213.2,203.1,0.05,0.143,IMD_synthetic
RFVLG0062M10,VLG0062,Dhaba,2025,10,October,77.2,65.1,0.186,0.531,IMD_synthetic
RFVLG0062M11,VLG0062,Dhaba,2025,11,November,10.7,9.9,0.081,0.231,IMD_synthetic
RFVLG0062M12,VLG0062,Dhaba,2025,12,December,8.4,7.9,0.063,0.18,IMD_synthetic
RFVLG0063M01,VLG0063,Metpanjra,2025,1,January,9.6,11.4,-0.158,-0.451,IMD_synthetic
RFVLG0063M02,VLG0063,Metpanjra,2025,2,February,6.9,8.9,-0.225,-0.643,IMD_synthetic
RFVLG0063M03,VLG0063,Metpanjra,2025,3,March,10.6,14.6,-0.274,-0.783,IMD_synthetic
RFVLG0063M04,VLG0063,Metpanjra,2025,4,April,8.5,10.8,-0.213,-0.609,IMD_synthetic
RFVLG0063M05,VLG0063,Metpanjra,2025,5,May,9.9,11.6,-0.147,-0.42,IMD_synthetic
RFVLG0063M06,VLG0063,Metpanjra,2025,6,June,148.0,180.6,-0.181,-0.517,IMD_synthetic
RFVLG0063M07,VLG0063,Metpanjra,2025,7,July,313.0,374.0,-0.163,-0.466,IMD_synthetic
RFVLG0063M08,VLG0063,Metpanjra,2025,8,August,363.8,374.1,-0.028,-0.08,IMD_synthetic
RFVLG0063M09,VLG0063,Metpanjra,2025,9,September,164.9,203.1,-0.188,-0.537,IMD_synthetic
RFVLG0063M10,VLG0063,Metpanjra,2025,10,October,54.5,65.1,-0.163,-0.466,IMD_synthetic
RFVLG0063M11,VLG0063,Metpanjra,2025,11,November,7.5,9.9,-0.242,-0.691,IMD_synthetic
RFVLG0063M12,VLG0063,Metpanjra,2025,12,December,5.8,7.9,-0.266,-0.76,IMD_synthetic
RFVLG0064M01,VLG0064,Kotha,2025,1,January,10.5,11.4,-0.079,-0.226,IMD_synthetic
RFVLG0064M02,VLG0064,Kotha,2025,2,February,7.7,8.9,-0.135,-0.386,IMD_synthetic
RFVLG0064M03,VLG0064,Kotha,2025,3,March,13.4,14.6,-0.082,-0.234,IMD_synthetic
RFVLG0064M04,VLG0064,Kotha,2025,4,April,8.2,10.8,-0.241,-0.689,IMD_synthetic
RFVLG0064M05,VLG0064,Kotha,2025,5,May,10.1,11.6,-0.129,-0.369,IMD_synthetic
RFVLG0064M06,VLG0064,Kotha,2025,6,June,142.2,180.6,-0.213,-0.609,IMD_synthetic
RFVLG0064M07,VLG0064,Kotha,2025,7,July,292.0,374.0,-0.219,-0.626,IMD_synthetic
RFVLG0064M08,VLG0064,Kotha,2025,8,August,271.4,374.1,-0.275,-0.786,IMD_synthetic
RFVLG0064M09,VLG0064,Kotha,2025,9,September,153.5,203.1,-0.244,-0.697,IMD_synthetic
RFVLG0064M10,VLG0064,Kotha,2025,10,October,52.2,65.1,-0.198,-0.566,IMD_synthetic
RFVLG0064M11,VLG0064,Kotha,2025,11,November,7.4,9.9,-0.253,-0.723,IMD_synthetic
RFVLG0064M12,VLG0064,Kotha,2025,12,December,7.7,7.9,-0.025,-0.071,IMD_synthetic
RFVLG0065M01,VLG0065,Borgaon,2025,1,January,7.0,11.4,-0.386,-1.103,IMD_synthetic
RFVLG0065M02,VLG0065,Borgaon,2025,2,February,5.1,8.9,-0.427,-1.22,IMD_synthetic
RFVLG0065M03,VLG0065,Borgaon,2025,3,March,8.6,14.6,-0.411,-1.174,IMD_synthetic
RFVLG0065M04,VLG0065,Borgaon,2025,4,April,7.2,10.8,-0.333,-0.951,IMD_synthetic
RFVLG0065M05,VLG0065,Borgaon,2025,5,May,6.6,11.6,-0.431,-1.231,IMD_synthetic
RFVLG0065M06,VLG0065,Borgaon,2025,6,June,130.2,180.6,-0.279,-0.797,IMD_synthetic
RFVLG0065M07,VLG0065,Borgaon,2025,7,July,276.8,374.0,-0.26,-0.743,IMD_synthetic
RFVLG0065M08,VLG0065,Borgaon,2025,8,August,224.7,374.1,-0.399,-1.14,IMD_synthetic
RFVLG0065M09,VLG0065,Borgaon,2025,9,September,130.0,203.1,-0.36,-1.029,IMD_synthetic
RFVLG0065M10,VLG0065,Borgaon,2025,10,October,36.2,65.1,-0.444,-1.269,IMD_synthetic
RFVLG0065M11,VLG0065,Borgaon,2025,11,November,6.7,9.9,-0.323,-0.923,IMD_synthetic
RFVLG0065M12,VLG0065,Borgaon,2025,12,December,5.0,7.9,-0.367,-1.049,IMD_synthetic
RFVLG0066M01,VLG0066,Jiwati,2025,1,January,6.9,11.4,-0.395,-1.129,IMD_synthetic
RFVLG0066M02,VLG0066,Jiwati,2025,2,February,5.3,8.9,-0.404,-1.154,IMD_synthetic
RFVLG0066M03,VLG0066,Jiwati,2025,3,March,9.9,14.6,-0.322,-0.92,IMD_synthetic
RFVLG0066M04,VLG0066,Jiwati,2025,4,April,6.8,10.8,-0.37,-1.057,IMD_synthetic
RFVLG0066M05,VLG0066,Jiwati,2025,5,May,6.8,11.6,-0.414,-1.183,IMD_synthetic
RFVLG0066M06,VLG0066,Jiwati,2025,6,June,124.0,180.6,-0.313,-0.894,IMD_synthetic
RFVLG0066M07,VLG0066,Jiwati,2025,7,July,247.8,374.0,-0.337,-0.963,IMD_synthetic
RFVLG0066M08,VLG0066,Jiwati,2025,8,August,269.3,374.1,-0.28,-0.8,IMD_synthetic
RFVLG0066M09,VLG0066,Jiwati,2025,9,September,116.9,203.1,-0.424,-1.211,IMD_synthetic
RFVLG0066M10,VLG0066,Jiwati,2025,10,October,45.9,65.1,-0.295,-0.843,IMD_synthetic
RFVLG0066M11,VLG0066,Jiwati,2025,11,November,6.8,9.9,-0.313,-0.894,IMD_synthetic
RFVLG0066M12,VLG0066,Jiwati,2025,12,December,4.5,7.9,-0.43,-1.229,IMD_synthetic
RFVLG0067M01,VLG0067,Durgapur,2025,1,January,12.7,11.4,0.114,0.326,IMD_synthetic
RFVLG0067M02,VLG0067,Durgapur,2025,2,February,9.2,8.9,0.034,0.097,IMD_synthetic
RFVLG0067M03,VLG0067,Durgapur,2025,3,March,17.4,14.6,0.192,0.549,IMD_synthetic
RFVLG0067M04,VLG0067,Durgapur,2025,4,April,10.1,10.8,-0.065,-0.186,IMD_synthetic
RFVLG0067M05,VLG0067,Durgapur,2025,5,May,12.7,11.6,0.095,0.271,IMD_synthetic
RFVLG0067M06,VLG0067,Durgapur,2025,6,June,182.9,180.6,0.013,0.037,IMD_synthetic
RFVLG0067M07,VLG0067,Durgapur,2025,7,July,446.5,374.0,0.194,0.554,IMD_synthetic
RFVLG0067M08,VLG0067,Durgapur,2025,8,August,372.8,374.1,-0.003,-0.009,IMD_synthetic
RFVLG0067M09,VLG0067,Durgapur,2025,9,September,242.8,203.1,0.195,0.557,IMD_synthetic
RFVLG0067M10,VLG0067,Durgapur,2025,10,October,76.6,65.1,0.177,0.506,IMD_synthetic
RFVLG0067M11,VLG0067,Durgapur,2025,11,November,9.7,9.9,-0.02,-0.057,IMD_synthetic
RFVLG0067M12,VLG0067,Durgapur,2025,12,December,9.1,7.9,0.152,0.434,IMD_synthetic
RFVLG0068M01,VLG0068,Salbardi,2025,1,January,11.1,11.4,-0.026,-0.074,IMD_synthetic
RFVLG0068M02,VLG0068,Salbardi,2025,2,February,7.0,8.9,-0.213,-0.609,IMD_synthetic
RFVLG0068M03,VLG0068,Salbardi,2025,3,March,12.2,14.6,-0.164,-0.469,IMD_synthetic
RFVLG0068M04,VLG0068,Salbardi,2025,4,April,9.2,10.8,-0.148,-0.423,IMD_synthetic
RFVLG0068M05,VLG0068,Salbardi,2025,5,May,9.3,11.6,-0.198,-0.566,IMD_synthetic
RFVLG0068M06,VLG0068,Salbardi,2025,6,June,131.2,180.6,-0.274,-0.783,IMD_synthetic
RFVLG0068M07,VLG0068,Salbardi,2025,7,July,291.2,374.0,-0.221,-0.631,IMD_synthetic
RFVLG0068M08,VLG0068,Salbardi,2025,8,August,297.2,374.1,-0.206,-0.589,IMD_synthetic
RFVLG0068M09,VLG0068,Salbardi,2025,9,September,169.7,203.1,-0.164,-0.469,IMD_synthetic
RFVLG0068M10,VLG0068,Salbardi,2025,10,October,49.9,65.1,-0.233,-0.666,IMD_synthetic
RFVLG0068M11,VLG0068,Salbardi,2025,11,November,9.4,9.9,-0.051,-0.146,IMD_synthetic
RFVLG0068M12,VLG0068,Salbardi,2025,12,December,7.1,7.9,-0.101,-0.289,IMD_synthetic
RFVLG0069M01,VLG0069,Bamni,2025,1,January,4.5,11.4,-0.605,-1.729,IMD_synthetic
RFVLG0069M02,VLG0069,Bamni,2025,2,February,4.2,8.9,-0.528,-1.509,IMD_synthetic
RFVLG0069M03,VLG0069,Bamni,2025,3,March,6.9,14.6,-0.527,-1.506,IMD_synthetic
RFVLG0069M04,VLG0069,Bamni,2025,4,April,5.5,10.8,-0.491,-1.403,IMD_synthetic
RFVLG0069M05,VLG0069,Bamni,2025,5,May,4.4,11.6,-0.621,-1.774,IMD_synthetic
RFVLG0069M06,VLG0069,Bamni,2025,6,June,75.1,180.6,-0.584,-1.669,IMD_synthetic
RFVLG0069M07,VLG0069,Bamni,2025,7,July,189.9,374.0,-0.492,-1.406,IMD_synthetic
RFVLG0069M08,VLG0069,Bamni,2025,8,August,190.2,374.1,-0.492,-1.406,IMD_synthetic
RFVLG0069M09,VLG0069,Bamni,2025,9,September,97.4,203.1,-0.52,-1.486,IMD_synthetic
RFVLG0069M10,VLG0069,Bamni,2025,10,October,31.6,65.1,-0.515,-1.471,IMD_synthetic
RFVLG0069M11,VLG0069,Bamni,2025,11,November,3.9,9.9,-0.606,-1.731,IMD_synthetic
RFVLG0069M12,VLG0069,Bamni,2025,12,December,3.6,7.9,-0.544,-1.554,IMD_synthetic
RFVLG0070M01,VLG0070,Gothangaon,2025,1,January,6.8,11.4,-0.404,-1.154,IMD_synthetic
RFVLG0070M02,VLG0070,Gothangaon,2025,2,February,5.2,8.9,-0.416,-1.189,IMD_synthetic
RFVLG0070M03,VLG0070,Gothangaon,2025,3,March,10.4,14.6,-0.288,-0.823,IMD_synthetic
RFVLG0070M04,VLG0070,Gothangaon,2025,4,April,6.3,10.8,-0.417,-1.191,IMD_synthetic
RFVLG0070M05,VLG0070,Gothangaon,2025,5,May,7.5,11.6,-0.353,-1.009,IMD_synthetic
RFVLG0070M06,VLG0070,Gothangaon,2025,6,June,132.8,180.6,-0.265,-0.757,IMD_synthetic
RFVLG0070M07,VLG0070,Gothangaon,2025,7,July,220.2,374.0,-0.411,-1.174,IMD_synthetic
RFVLG0070M08,VLG0070,Gothangaon,2025,8,August,278.0,374.1,-0.257,-0.734,IMD_synthetic
RFVLG0070M09,VLG0070,Gothangaon,2025,9,September,151.6,203.1,-0.254,-0.726,IMD_synthetic
RFVLG0070M10,VLG0070,Gothangaon,2025,10,October,43.0,65.1,-0.339,-0.969,IMD_synthetic
RFVLG0070M11,VLG0070,Gothangaon,2025,11,November,5.8,9.9,-0.414,-1.183,IMD_synthetic
RFVLG0070M12,VLG0070,Gothangaon,2025,12,December,4.9,7.9,-0.38,-1.086,IMD_synthetic
RFVLG0071M01,VLG0071,Yenwa,2025,1,January,9.5,11.4,-0.167,-0.477,IMD_synthetic
RFVLG0071M02,VLG0071,Yenwa,2025,2,February,7.1,8.9,-0.202,-0.577,IMD_synthetic
RFVLG0071M03,VLG0071,Yenwa,2025,3,March,11.6,14.6,-0.205,-0.586,IMD_synthetic
RFVLG0071M04,VLG0071,Yenwa,2025,4,April,10.5,10.8,-0.028,-0.08,IMD_synthetic
RFVLG0071M05,VLG0071,Yenwa,2025,5,May,8.8,11.6,-0.241,-0.689,IMD_synthetic
RFVLG0071M06,VLG0071,Yenwa,2025,6,June,164.3,180.6,-0.09,-0.257,IMD_synthetic
RFVLG0071M07,VLG0071,Yenwa,2025,7,July,270.3,374.0,-0.277,-0.791,IMD_synthetic
RFVLG0071M08,VLG0071,Yenwa,2025,8,August,327.2,374.1,-0.125,-0.357,IMD_synthetic
RFVLG0071M09,VLG0071,Yenwa,2025,9,September,194.2,203.1,-0.044,-0.126,IMD_synthetic
RFVLG0071M10,VLG0071,Yenwa,2025,10,October,51.8,65.1,-0.204,-0.583,IMD_synthetic
RFVLG0071M11,VLG0071,Yenwa,2025,11,November,7.6,9.9,-0.232,-0.663,IMD_synthetic
RFVLG0071M12,VLG0071,Yenwa,2025,12,December,7.0,7.9,-0.114,-0.326,IMD_synthetic
RFVLG0072M01,VLG0072,Sawargaon,2025,1,January,5.5,11.4,-0.518,-1.48,IMD_synthetic
RFVLG0072M02,VLG0072,Sawargaon,2025,2,February,4.2,8.9,-0.528,-1.509,IMD_synthetic
RFVLG0072M03,VLG0072,Sawargaon,2025,3,March,6.2,14.6,-0.575,-1.643,IMD_synthetic
RFVLG0072M04,VLG0072,Sawargaon,2025,4,April,4.5,10.8,-0.583,-1.666,IMD_synthetic
RFVLG0072M05,VLG0072,Sawargaon,2025,5,May,5.9,11.6,-0.491,-1.403,IMD_synthetic
RFVLG0072M06,VLG0072,Sawargaon,2025,6,June,91.6,180.6,-0.493,-1.409,IMD_synthetic
RFVLG0072M07,VLG0072,Sawargaon,2025,7,July,166.1,374.0,-0.556,-1.589,IMD_synthetic
RFVLG0072M08,VLG0072,Sawargaon,2025,8,August,185.8,374.1,-0.503,-1.437,IMD_synthetic
RFVLG0072M09,VLG0072,Sawargaon,2025,9,September,90.1,203.1,-0.556,-1.589,IMD_synthetic
RFVLG0072M10,VLG0072,Sawargaon,2025,10,October,28.6,65.1,-0.561,-1.603,IMD_synthetic
RFVLG0072M11,VLG0072,Sawargaon,2025,11,November,4.0,9.9,-0.596,-1.703,IMD_synthetic
RFVLG0072M12,VLG0072,Sawargaon,2025,12,December,3.5,7.9,-0.557,-1.591,IMD_synthetic
RFVLG0073M01,VLG0073,Mundri,2025,1,January,9.8,11.4,-0.14,-0.4,IMD_synthetic
RFVLG0073M02,VLG0073,Mundri,2025,2,February,6.5,8.9,-0.27,-0.771,IMD_synthetic
RFVLG0073M03,VLG0073,Mundri,2025,3,March,12.2,14.6,-0.164,-0.469,IMD_synthetic
RFVLG0073M04,VLG0073,Mundri,2025,4,April,10.0,10.8,-0.074,-0.211,IMD_synthetic
RFVLG0073M05,VLG0073,Mundri,2025,5,May,10.4,11.6,-0.103,-0.294,IMD_synthetic
RFVLG0073M06,VLG0073,Mundri,2025,6,June,159.7,180.6,-0.116,-0.331,IMD_synthetic
RFVLG0073M07,VLG0073,Mundri,2025,7,July,357.0,374.0,-0.045,-0.129,IMD_synthetic
RFVLG0073M08,VLG0073,Mundri,2025,8,August,272.0,374.1,-0.273,-0.78,IMD_synthetic
RFVLG0073M09,VLG0073,Mundri,2025,9,September,175.6,203.1,-0.135,-0.386,IMD_synthetic
RFVLG0073M10,VLG0073,Mundri,2025,10,October,60.1,65.1,-0.077,-0.22,IMD_synthetic
RFVLG0073M11,VLG0073,Mundri,2025,11,November,8.5,9.9,-0.141,-0.403,IMD_synthetic
RFVLG0073M12,VLG0073,Mundri,2025,12,December,6.4,7.9,-0.19,-0.543,IMD_synthetic
RFVLG0074M01,VLG0074,Kalmeshwar,2025,1,January,6.6,11.4,-0.421,-1.203,IMD_synthetic
RFVLG0074M02,VLG0074,Kalmeshwar,2025,2,February,6.5,8.9,-0.27,-0.771,IMD_synthetic
RFVLG0074M03,VLG0074,Kalmeshwar,2025,3,March,9.4,14.6,-0.356,-1.017,IMD_synthetic
RFVLG0074M04,VLG0074,Kalmeshwar,2025,4,April,7.8,10.8,-0.278,-0.794,IMD_synthetic
RFVLG0074M05,VLG0074,Kalmeshwar,2025,5,May,7.7,11.6,-0.336,-0.96,IMD_synthetic
RFVLG0074M06,VLG0074,Kalmeshwar,2025,6,June,123.5,180.6,-0.316,-0.903,IMD_synthetic
RFVLG0074M07,VLG0074,Kalmeshwar,2025,7,July,265.3,374.0,-0.291,-0.831,IMD_synthetic
RFVLG0074M08,VLG0074,Kalmeshwar,2025,8,August,254.8,374.1,-0.319,-0.911,IMD_synthetic
RFVLG0074M09,VLG0074,Kalmeshwar,2025,9,September,128.0,203.1,-0.37,-1.057,IMD_synthetic
RFVLG0074M10,VLG0074,Kalmeshwar,2025,10,October,42.5,65.1,-0.347,-0.991,IMD_synthetic
RFVLG0074M11,VLG0074,Kalmeshwar,2025,11,November,7.0,9.9,-0.293,-0.837,IMD_synthetic
RFVLG0074M12,VLG0074,Kalmeshwar,2025,12,December,4.9,7.9,-0.38,-1.086,IMD_synthetic
RFVLG0075M01,VLG0075,Shivani,2025,1,January,5.0,11.4,-0.561,-1.603,IMD_synthetic
RFVLG0075M02,VLG0075,Shivani,2025,2,February,3.5,8.9,-0.607,-1.734,IMD_synthetic
RFVLG0075M03,VLG0075,Shivani,2025,3,March,7.4,14.6,-0.493,-1.409,IMD_synthetic
RFVLG0075M04,VLG0075,Shivani,2025,4,April,4.3,10.8,-0.602,-1.72,IMD_synthetic
RFVLG0075M05,VLG0075,Shivani,2025,5,May,5.5,11.6,-0.526,-1.503,IMD_synthetic
RFVLG0075M06,VLG0075,Shivani,2025,6,June,79.2,180.6,-0.561,-1.603,IMD_synthetic
RFVLG0075M07,VLG0075,Shivani,2025,7,July,163.5,374.0,-0.563,-1.609,IMD_synthetic
RFVLG0075M08,VLG0075,Shivani,2025,8,August,177.4,374.1,-0.526,-1.503,IMD_synthetic
RFVLG0075M09,VLG0075,Shivani,2025,9,September,79.5,203.1,-0.609,-1.74,IMD_synthetic
RFVLG0075M10,VLG0075,Shivani,2025,10,October,30.1,65.1,-0.538,-1.537,IMD_synthetic
RFVLG0075M11,VLG0075,Shivani,2025,11,November,4.8,9.9,-0.515,-1.471,IMD_synthetic
RFVLG0075M12,VLG0075,Shivani,2025,12,December,3.9,7.9,-0.506,-1.446,IMD_synthetic
RFVLG0076M01,VLG0076,Ladgaon,2025,1,January,8.7,11.4,-0.237,-0.677,IMD_synthetic
RFVLG0076M02,VLG0076,Ladgaon,2025,2,February,8.5,8.9,-0.045,-0.129,IMD_synthetic
RFVLG0076M03,VLG0076,Ladgaon,2025,3,March,13.0,14.6,-0.11,-0.314,IMD_synthetic
RFVLG0076M04,VLG0076,Ladgaon,2025,4,April,10.2,10.8,-0.056,-0.16,IMD_synthetic
RFVLG0076M05,VLG0076,Ladgaon,2025,5,May,9.8,11.6,-0.155,-0.443,IMD_synthetic
RFVLG0076M06,VLG0076,Ladgaon,2025,6,June,155.4,180.6,-0.14,-0.4,IMD_synthetic
RFVLG0076M07,VLG0076,Ladgaon,2025,7,July,357.9,374.0,-0.043,-0.123,IMD_synthetic
RFVLG0076M08,VLG0076,Ladgaon,2025,8,August,356.1,374.1,-0.048,-0.137,IMD_synthetic
RFVLG0076M09,VLG0076,Ladgaon,2025,9,September,170.0,203.1,-0.163,-0.466,IMD_synthetic
RFVLG0076M10,VLG0076,Ladgaon,2025,10,October,51.6,65.1,-0.207,-0.591,IMD_synthetic
RFVLG0076M11,VLG0076,Ladgaon,2025,11,November,8.1,9.9,-0.182,-0.52,IMD_synthetic
RFVLG0076M12,VLG0076,Ladgaon,2025,12,December,6.5,7.9,-0.177,-0.506,IMD_synthetic
RFVLG0077M01,VLG0077,Bhisi,2025,1,January,9.1,11.4,-0.202,-0.577,IMD_synthetic
RFVLG0077M02,VLG0077,Bhisi,2025,2,February,7.0,8.9,-0.213,-0.609,IMD_synthetic
RFVLG0077M03,VLG0077,Bhisi,2025,3,March,13.8,14.6,-0.055,-0.157,IMD_synthetic
RFVLG0077M04,VLG0077,Bhisi,2025,4,April,8.0,10.8,-0.259,-0.74,IMD_synthetic
RFVLG0077M05,VLG0077,Bhisi,2025,5,May,10.4,11.6,-0.103,-0.294,IMD_synthetic
RFVLG0077M06,VLG0077,Bhisi,2025,6,June,138.4,180.6,-0.234,-0.669,IMD_synthetic
RFVLG0077M07,VLG0077,Bhisi,2025,7,July,303.1,374.0,-0.19,-0.543,IMD_synthetic
RFVLG0077M08,VLG0077,Bhisi,2025,8,August,276.2,374.1,-0.262,-0.749,IMD_synthetic
RFVLG0077M09,VLG0077,Bhisi,2025,9,September,160.7,203.1,-0.209,-0.597,IMD_synthetic
RFVLG0077M10,VLG0077,Bhisi,2025,10,October,59.8,65.1,-0.081,-0.231,IMD_synthetic
RFVLG0077M11,VLG0077,Bhisi,2025,11,November,9.4,9.9,-0.051,-0.146,IMD_synthetic
RFVLG0077M12,VLG0077,Bhisi,2025,12,December,6.2,7.9,-0.215,-0.614,IMD_synthetic
RFVLG0078M01,VLG0078,Pimpalwada,2025,1,January,7.3,11.4,-0.36,-1.029,IMD_synthetic
RFVLG0078M02,VLG0078,Pimpalwada,2025,2,February,5.7,8.9,-0.36,-1.029,IMD_synthetic
RFVLG0078M03,VLG0078,Pimpalwada,2025,3,March,10.6,14.6,-0.274,-0.783,IMD_synthetic
RFVLG0078M04,VLG0078,Pimpalwada,2025,4,April,7.6,10.8,-0.296,-0.846,IMD_synthetic
RFVLG0078M05,VLG0078,Pimpalwada,2025,5,May,7.6,11.6,-0.345,-0.986,IMD_synthetic
RFVLG0078M06,VLG0078,Pimpalwada,2025,6,June,123.4,180.6,-0.317,-0.906,IMD_synthetic
RFVLG0078M07,VLG0078,Pimpalwada,2025,7,July,268.4,374.0,-0.282,-0.806,IMD_synthetic
RFVLG0078M08,VLG0078,Pimpalwada,2025,8,August,207.4,374.1,-0.446,-1.274,IMD_synthetic
RFVLG0078M09,VLG0078,Pimpalwada,2025,9,September,128.2,203.1,-0.369,-1.054,IMD_synthetic
RFVLG0078M10,VLG0078,Pimpalwada,2025,10,October,47.5,65.1,-0.27,-0.771,IMD_synthetic
RFVLG0078M11,VLG0078,Pimpalwada,2025,11,November,6.9,9.9,-0.303,-0.866,IMD_synthetic
RFVLG0078M12,VLG0078,Pimpalwada,2025,12,December,5.2,7.9,-0.342,-0.977,IMD_synthetic
RFVLG0079M01,VLG0079,Koradi,2025,1,January,7.5,11.4,-0.342,-0.977,IMD_synthetic
RFVLG0079M02,VLG0079,Koradi,2025,2,February,5.5,8.9,-0.382,-1.091,IMD_synthetic
RFVLG0079M03,VLG0079,Koradi,2025,3,March,9.5,14.6,-0.349,-0.997,IMD_synthetic
RFVLG0079M04,VLG0079,Koradi,2025,4,April,7.3,10.8,-0.324,-0.926,IMD_synthetic
RFVLG0079M05,VLG0079,Koradi,2025,5,May,7.4,11.6,-0.362,-1.034,IMD_synthetic
RFVLG0079M06,VLG0079,Koradi,2025,6,June,124.9,180.6,-0.308,-0.88,IMD_synthetic
RFVLG0079M07,VLG0079,Koradi,2025,7,July,269.4,374.0,-0.28,-0.8,IMD_synthetic
RFVLG0079M08,VLG0079,Koradi,2025,8,August,218.0,374.1,-0.417,-1.191,IMD_synthetic
RFVLG0079M09,VLG0079,Koradi,2025,9,September,130.1,203.1,-0.359,-1.026,IMD_synthetic
RFVLG0079M10,VLG0079,Koradi,2025,10,October,41.1,65.1,-0.369,-1.054,IMD_synthetic
RFVLG0079M11,VLG0079,Koradi,2025,11,November,6.8,9.9,-0.313,-0.894,IMD_synthetic
RFVLG0079M12,VLG0079,Koradi,2025,12,December,4.7,7.9,-0.405,-1.157,IMD_synthetic
RFVLG0080M01,VLG0080,Navegaon,2025,1,January,12.5,11.4,0.096,0.274,IMD_synthetic
RFVLG0080M02,VLG0080,Navegaon,2025,2,February,10.4,8.9,0.169,0.483,IMD_synthetic
RFVLG0080M03,VLG0080,Navegaon,2025,3,March,15.0,14.6,0.027,0.077,IMD_synthetic
RFVLG0080M04,VLG0080,Navegaon,2025,4,April,12.7,10.8,0.176,0.503,IMD_synthetic
RFVLG0080M05,VLG0080,Navegaon,2025,5,May,14.0,11.6,0.207,0.591,IMD_synthetic
RFVLG0080M06,VLG0080,Navegaon,2025,6,June,167.2,180.6,-0.074,-0.211,IMD_synthetic
RFVLG0080M07,VLG0080,Navegaon,2025,7,July,361.3,374.0,-0.034,-0.097,IMD_synthetic
RFVLG0080M08,VLG0080,Navegaon,2025,8,August,445.9,374.1,0.192,0.549,IMD_synthetic
RFVLG0080M09,VLG0080,Navegaon,2025,9,September,242.6,203.1,0.194,0.554,IMD_synthetic
RFVLG0080M10,VLG0080,Navegaon,2025,10,October,60.1,65.1,-0.077,-0.22,IMD_synthetic
RFVLG0080M11,VLG0080,Navegaon,2025,11,November,8.9,9.9,-0.101,-0.289,IMD_synthetic
RFVLG0080M12,VLG0080,Navegaon,2025,12,December,7.5,7.9,-0.051,-0.146,IMD_synthetic
